<?xml version="1.0" encoding="UTF-8"?>
<spirit:component xmlns:xilinx="http://www.xilinx.com" xmlns:spirit="http://www.spiritconsortium.org/XMLSchema/SPIRIT/1685-2009" xmlns:xsi="http://www.w3.org/2001/XMLSchema-instance">
  <spirit:vendor>jhuapl.edu</spirit:vendor>
  <spirit:library>user</spirit:library>
  <spirit:name>toplevel</spirit:name>
  <spirit:version>1.0</spirit:version>
  <spirit:busInterfaces>
    <spirit:busInterface>
      <spirit:name>phase_0</spirit:name>
      <spirit:busType spirit:vendor="xilinx.com" spirit:library="interface" spirit:name="axis" spirit:version="1.0"/>
      <spirit:abstractionType spirit:vendor="xilinx.com" spirit:library="interface" spirit:name="axis_rtl" spirit:version="1.0"/>
      <spirit:slave/>
      <spirit:portMaps>
        <spirit:portMap>
          <spirit:logicalPort>
            <spirit:name>TDATA</spirit:name>
          </spirit:logicalPort>
          <spirit:physicalPort>
            <spirit:name>phase_tdata_0</spirit:name>
          </spirit:physicalPort>
        </spirit:portMap>
        <spirit:portMap>
          <spirit:logicalPort>
            <spirit:name>TVALID</spirit:name>
          </spirit:logicalPort>
          <spirit:physicalPort>
            <spirit:name>phase_tvalid_0</spirit:name>
          </spirit:physicalPort>
        </spirit:portMap>
      </spirit:portMaps>
    </spirit:busInterface>
    <spirit:busInterface>
      <spirit:name>phase_1</spirit:name>
      <spirit:busType spirit:vendor="xilinx.com" spirit:library="interface" spirit:name="axis" spirit:version="1.0"/>
      <spirit:abstractionType spirit:vendor="xilinx.com" spirit:library="interface" spirit:name="axis_rtl" spirit:version="1.0"/>
      <spirit:slave/>
      <spirit:portMaps>
        <spirit:portMap>
          <spirit:logicalPort>
            <spirit:name>TDATA</spirit:name>
          </spirit:logicalPort>
          <spirit:physicalPort>
            <spirit:name>phase_tdata_1</spirit:name>
          </spirit:physicalPort>
        </spirit:portMap>
        <spirit:portMap>
          <spirit:logicalPort>
            <spirit:name>TVALID</spirit:name>
          </spirit:logicalPort>
          <spirit:physicalPort>
            <spirit:name>phase_tvalid_1</spirit:name>
          </spirit:physicalPort>
        </spirit:portMap>
      </spirit:portMaps>
    </spirit:busInterface>
    <spirit:busInterface>
      <spirit:name>aresetn</spirit:name>
      <spirit:busType spirit:vendor="xilinx.com" spirit:library="signal" spirit:name="reset" spirit:version="1.0"/>
      <spirit:abstractionType spirit:vendor="xilinx.com" spirit:library="signal" spirit:name="reset_rtl" spirit:version="1.0"/>
      <spirit:slave/>
      <spirit:portMaps>
        <spirit:portMap>
          <spirit:logicalPort>
            <spirit:name>RST</spirit:name>
          </spirit:logicalPort>
          <spirit:physicalPort>
            <spirit:name>aresetn</spirit:name>
          </spirit:physicalPort>
        </spirit:portMap>
      </spirit:portMaps>
      <spirit:parameters>
        <spirit:parameter>
          <spirit:name>POLARITY</spirit:name>
          <spirit:value spirit:id="BUSIFPARAM_VALUE.ARESETN.POLARITY" spirit:choiceRef="choice_list_9d8b0d81">ACTIVE_LOW</spirit:value>
        </spirit:parameter>
      </spirit:parameters>
    </spirit:busInterface>
    <spirit:busInterface>
      <spirit:name>phase_rst</spirit:name>
      <spirit:busType spirit:vendor="xilinx.com" spirit:library="signal" spirit:name="reset" spirit:version="1.0"/>
      <spirit:abstractionType spirit:vendor="xilinx.com" spirit:library="signal" spirit:name="reset_rtl" spirit:version="1.0"/>
      <spirit:slave/>
      <spirit:portMaps>
        <spirit:portMap>
          <spirit:logicalPort>
            <spirit:name>RST</spirit:name>
          </spirit:logicalPort>
          <spirit:physicalPort>
            <spirit:name>phase_rst</spirit:name>
          </spirit:physicalPort>
        </spirit:portMap>
      </spirit:portMaps>
    </spirit:busInterface>
    <spirit:busInterface>
      <spirit:name>aclk</spirit:name>
      <spirit:busType spirit:vendor="xilinx.com" spirit:library="signal" spirit:name="clock" spirit:version="1.0"/>
      <spirit:abstractionType spirit:vendor="xilinx.com" spirit:library="signal" spirit:name="clock_rtl" spirit:version="1.0"/>
      <spirit:slave/>
      <spirit:portMaps>
        <spirit:portMap>
          <spirit:logicalPort>
            <spirit:name>CLK</spirit:name>
          </spirit:logicalPort>
          <spirit:physicalPort>
            <spirit:name>aclk</spirit:name>
          </spirit:physicalPort>
        </spirit:portMap>
      </spirit:portMaps>
      <spirit:parameters>
        <spirit:parameter>
          <spirit:name>ASSOCIATED_BUSIF</spirit:name>
          <spirit:value spirit:id="BUSIFPARAM_VALUE.ACLK.ASSOCIATED_BUSIF">phase_0:phase_1</spirit:value>
        </spirit:parameter>
        <spirit:parameter>
          <spirit:name>ASSOCIATED_RESET</spirit:name>
          <spirit:value spirit:id="BUSIFPARAM_VALUE.ACLK.ASSOCIATED_RESET">aresetn</spirit:value>
        </spirit:parameter>
      </spirit:parameters>
    </spirit:busInterface>
  </spirit:busInterfaces>
  <spirit:model>
    <spirit:views>
      <spirit:view>
        <spirit:name>xilinx_anylanguagesynthesis</spirit:name>
        <spirit:displayName>Synthesis</spirit:displayName>
        <spirit:envIdentifier>:vivado.xilinx.com:synthesis</spirit:envIdentifier>
        <spirit:language>VHDL</spirit:language>
        <spirit:modelName>toplevel</spirit:modelName>
        <spirit:fileSetRef>
          <spirit:localName>xilinx_anylanguagesynthesis_xilinx_com_ip_fir_compiler_7_2__ref_view_fileset</spirit:localName>
        </spirit:fileSetRef>
        <spirit:fileSetRef>
          <spirit:localName>xilinx_anylanguagesynthesis_xilinx_com_ip_dds_compiler_6_0__ref_view_fileset</spirit:localName>
        </spirit:fileSetRef>
        <spirit:fileSetRef>
          <spirit:localName>xilinx_anylanguagesynthesis_view_fileset</spirit:localName>
        </spirit:fileSetRef>
        <spirit:parameters>
          <spirit:parameter>
            <spirit:name>viewChecksum</spirit:name>
            <spirit:value>72643be0</spirit:value>
          </spirit:parameter>
        </spirit:parameters>
      </spirit:view>
      <spirit:view>
        <spirit:name>xilinx_anylanguagebehavioralsimulation</spirit:name>
        <spirit:displayName>Simulation</spirit:displayName>
        <spirit:envIdentifier>:vivado.xilinx.com:simulation</spirit:envIdentifier>
        <spirit:language>VHDL</spirit:language>
        <spirit:modelName>toplevel</spirit:modelName>
        <spirit:fileSetRef>
          <spirit:localName>xilinx_anylanguagebehavioralsimulation_xilinx_com_ip_fir_compiler_7_2__ref_view_fileset</spirit:localName>
        </spirit:fileSetRef>
        <spirit:fileSetRef>
          <spirit:localName>xilinx_anylanguagebehavioralsimulation_xilinx_com_ip_dds_compiler_6_0__ref_view_fileset</spirit:localName>
        </spirit:fileSetRef>
        <spirit:fileSetRef>
          <spirit:localName>xilinx_anylanguagebehavioralsimulation_view_fileset</spirit:localName>
        </spirit:fileSetRef>
        <spirit:parameters>
          <spirit:parameter>
            <spirit:name>viewChecksum</spirit:name>
            <spirit:value>fb6f2978</spirit:value>
          </spirit:parameter>
        </spirit:parameters>
      </spirit:view>
      <spirit:view>
        <spirit:name>xilinx_xpgui</spirit:name>
        <spirit:displayName>UI Layout</spirit:displayName>
        <spirit:envIdentifier>:vivado.xilinx.com:xgui.ui</spirit:envIdentifier>
        <spirit:fileSetRef>
          <spirit:localName>xilinx_xpgui_view_fileset</spirit:localName>
        </spirit:fileSetRef>
        <spirit:parameters>
          <spirit:parameter>
            <spirit:name>viewChecksum</spirit:name>
            <spirit:value>f64a5dae</spirit:value>
          </spirit:parameter>
        </spirit:parameters>
      </spirit:view>
      <spirit:view>
        <spirit:name>xilinx_testbench</spirit:name>
        <spirit:displayName>Test Bench</spirit:displayName>
        <spirit:envIdentifier>:vivado.xilinx.com:simulation.testbench</spirit:envIdentifier>
        <spirit:modelName>tb_toplevel</spirit:modelName>
        <spirit:fileSetRef>
          <spirit:localName>xilinx_testbench_view_fileset</spirit:localName>
        </spirit:fileSetRef>
        <spirit:parameters>
          <spirit:parameter>
            <spirit:name>viewChecksum</spirit:name>
            <spirit:value>fb252bde</spirit:value>
          </spirit:parameter>
        </spirit:parameters>
      </spirit:view>
    </spirit:views>
    <spirit:ports>
      <spirit:port>
        <spirit:name>aclk</spirit:name>
        <spirit:wire>
          <spirit:direction>in</spirit:direction>
          <spirit:wireTypeDefs>
            <spirit:wireTypeDef>
              <spirit:typeName>STD_LOGIC</spirit:typeName>
              <spirit:viewNameRef>xilinx_anylanguagesynthesis</spirit:viewNameRef>
              <spirit:viewNameRef>xilinx_anylanguagebehavioralsimulation</spirit:viewNameRef>
            </spirit:wireTypeDef>
          </spirit:wireTypeDefs>
        </spirit:wire>
      </spirit:port>
      <spirit:port>
        <spirit:name>aresetn</spirit:name>
        <spirit:wire>
          <spirit:direction>in</spirit:direction>
          <spirit:wireTypeDefs>
            <spirit:wireTypeDef>
              <spirit:typeName>STD_LOGIC</spirit:typeName>
              <spirit:viewNameRef>xilinx_anylanguagesynthesis</spirit:viewNameRef>
              <spirit:viewNameRef>xilinx_anylanguagebehavioralsimulation</spirit:viewNameRef>
            </spirit:wireTypeDef>
          </spirit:wireTypeDefs>
        </spirit:wire>
      </spirit:port>
      <spirit:port>
        <spirit:name>phase_rst</spirit:name>
        <spirit:wire>
          <spirit:direction>in</spirit:direction>
          <spirit:wireTypeDefs>
            <spirit:wireTypeDef>
              <spirit:typeName>STD_LOGIC</spirit:typeName>
              <spirit:viewNameRef>xilinx_anylanguagesynthesis</spirit:viewNameRef>
              <spirit:viewNameRef>xilinx_anylanguagebehavioralsimulation</spirit:viewNameRef>
            </spirit:wireTypeDef>
          </spirit:wireTypeDefs>
        </spirit:wire>
      </spirit:port>
      <spirit:port>
        <spirit:name>phase_tdata_0</spirit:name>
        <spirit:wire>
          <spirit:direction>in</spirit:direction>
          <spirit:vector>
            <spirit:left spirit:format="long">31</spirit:left>
            <spirit:right spirit:format="long">0</spirit:right>
          </spirit:vector>
          <spirit:wireTypeDefs>
            <spirit:wireTypeDef>
              <spirit:typeName>STD_LOGIC_VECTOR</spirit:typeName>
              <spirit:viewNameRef>xilinx_anylanguagesynthesis</spirit:viewNameRef>
              <spirit:viewNameRef>xilinx_anylanguagebehavioralsimulation</spirit:viewNameRef>
            </spirit:wireTypeDef>
          </spirit:wireTypeDefs>
          <spirit:driver>
            <spirit:defaultValue spirit:format="long">0</spirit:defaultValue>
          </spirit:driver>
        </spirit:wire>
      </spirit:port>
      <spirit:port>
        <spirit:name>phase_tdata_1</spirit:name>
        <spirit:wire>
          <spirit:direction>in</spirit:direction>
          <spirit:vector>
            <spirit:left spirit:format="long">31</spirit:left>
            <spirit:right spirit:format="long">0</spirit:right>
          </spirit:vector>
          <spirit:wireTypeDefs>
            <spirit:wireTypeDef>
              <spirit:typeName>STD_LOGIC_VECTOR</spirit:typeName>
              <spirit:viewNameRef>xilinx_anylanguagesynthesis</spirit:viewNameRef>
              <spirit:viewNameRef>xilinx_anylanguagebehavioralsimulation</spirit:viewNameRef>
            </spirit:wireTypeDef>
          </spirit:wireTypeDefs>
          <spirit:driver>
            <spirit:defaultValue spirit:format="long">0</spirit:defaultValue>
          </spirit:driver>
        </spirit:wire>
      </spirit:port>
      <spirit:port>
        <spirit:name>phase_tvalid_0</spirit:name>
        <spirit:wire>
          <spirit:direction>in</spirit:direction>
          <spirit:wireTypeDefs>
            <spirit:wireTypeDef>
              <spirit:typeName>STD_LOGIC</spirit:typeName>
              <spirit:viewNameRef>xilinx_anylanguagesynthesis</spirit:viewNameRef>
              <spirit:viewNameRef>xilinx_anylanguagebehavioralsimulation</spirit:viewNameRef>
            </spirit:wireTypeDef>
          </spirit:wireTypeDefs>
        </spirit:wire>
      </spirit:port>
      <spirit:port>
        <spirit:name>phase_tvalid_1</spirit:name>
        <spirit:wire>
          <spirit:direction>in</spirit:direction>
          <spirit:wireTypeDefs>
            <spirit:wireTypeDef>
              <spirit:typeName>STD_LOGIC</spirit:typeName>
              <spirit:viewNameRef>xilinx_anylanguagesynthesis</spirit:viewNameRef>
              <spirit:viewNameRef>xilinx_anylanguagebehavioralsimulation</spirit:viewNameRef>
            </spirit:wireTypeDef>
          </spirit:wireTypeDefs>
        </spirit:wire>
      </spirit:port>
      <spirit:port>
        <spirit:name>data_word</spirit:name>
        <spirit:wire>
          <spirit:direction>out</spirit:direction>
          <spirit:vector>
            <spirit:left spirit:format="long">31</spirit:left>
            <spirit:right spirit:format="long">0</spirit:right>
          </spirit:vector>
          <spirit:wireTypeDefs>
            <spirit:wireTypeDef>
              <spirit:typeName>std_logic_vector</spirit:typeName>
              <spirit:viewNameRef>xilinx_anylanguagesynthesis</spirit:viewNameRef>
              <spirit:viewNameRef>xilinx_anylanguagebehavioralsimulation</spirit:viewNameRef>
            </spirit:wireTypeDef>
          </spirit:wireTypeDefs>
        </spirit:wire>
      </spirit:port>
    </spirit:ports>
  </spirit:model>
  <spirit:choices>
    <spirit:choice>
      <spirit:name>choice_list_9d8b0d81</spirit:name>
      <spirit:enumeration>ACTIVE_HIGH</spirit:enumeration>
      <spirit:enumeration>ACTIVE_LOW</spirit:enumeration>
    </spirit:choice>
  </spirit:choices>
  <spirit:fileSets>
    <spirit:fileSet>
      <spirit:name>xilinx_anylanguagesynthesis_view_fileset</spirit:name>
      <spirit:file>
        <spirit:name>lab6/lab6.srcs/sources_1/ip/fir_compiler_1/filter2.coe</spirit:name>
        <spirit:userFileType>coe</spirit:userFileType>
      </spirit:file>
      <spirit:file>
        <spirit:name>lab6/lab6.srcs/sources_1/ip/fir_compiler_0/filter1.coe</spirit:name>
        <spirit:userFileType>coe</spirit:userFileType>
      </spirit:file>
      <spirit:file>
        <spirit:name>lab6/lab6.srcs/constrs_1/imports/SystemOnChip/Zybo-Z7-Master.xdc</spirit:name>
        <spirit:userFileType>xdc</spirit:userFileType>
      </spirit:file>
      <spirit:file>
        <spirit:name>lab6/lab6.srcs/sources_1/ip/fir_compiler_1/fir_compiler_1.xci</spirit:name>
        <spirit:userFileType>xci</spirit:userFileType>
        <spirit:userFileType>CELL_NAME_fir2_real</spirit:userFileType>
      </spirit:file>
      <spirit:file>
        <spirit:name>lab6/lab6.srcs/sources_1/ip/fir_compiler_0/fir_compiler_0.xci</spirit:name>
        <spirit:userFileType>xci</spirit:userFileType>
        <spirit:userFileType>CELL_NAME_fir1_real</spirit:userFileType>
      </spirit:file>
      <spirit:file>
        <spirit:name>lab6/lab6.srcs/sources_1/bd/design_1/ip/design_1_dds_compiler_0_1/design_1_dds_compiler_0_1.xci</spirit:name>
        <spirit:userFileType>xci</spirit:userFileType>
        <spirit:userFileType>CELL_NAME_dds_compiler_1</spirit:userFileType>
      </spirit:file>
      <spirit:file>
        <spirit:name>lab6/lab6.srcs/sources_1/bd/design_1/ip/design_1_dds_compiler_0_0/design_1_dds_compiler_0_0.xci</spirit:name>
        <spirit:userFileType>xci</spirit:userFileType>
        <spirit:userFileType>CELL_NAME_dds_compiler_0</spirit:userFileType>
      </spirit:file>
      <spirit:file>
        <spirit:name>lab6/lab6.srcs/sources_1/new/toplevel.vhd</spirit:name>
        <spirit:fileType>vhdlSource</spirit:fileType>
        <spirit:userFileType>CHECKSUM_37fd7abe</spirit:userFileType>
      </spirit:file>
    </spirit:fileSet>
    <spirit:fileSet>
      <spirit:name>xilinx_anylanguagesynthesis_xilinx_com_ip_fir_compiler_7_2__ref_view_fileset</spirit:name>
      <spirit:vendorExtensions>
        <xilinx:subCoreRef>
          <xilinx:componentRef xsi:type="xilinx:componentRefType" xilinx:vendor="xilinx.com" xilinx:library="ip" xilinx:name="fir_compiler" xilinx:version="7.2">
            <xilinx:mode xilinx:name="create_mode"/>
          </xilinx:componentRef>
        </xilinx:subCoreRef>
      </spirit:vendorExtensions>
    </spirit:fileSet>
    <spirit:fileSet>
      <spirit:name>xilinx_anylanguagesynthesis_xilinx_com_ip_dds_compiler_6_0__ref_view_fileset</spirit:name>
      <spirit:vendorExtensions>
        <xilinx:subCoreRef>
          <xilinx:componentRef xilinx:vendor="xilinx.com" xilinx:library="ip" xilinx:name="dds_compiler" xilinx:version="6.0">
            <xilinx:mode xilinx:name="create_mode"/>
          </xilinx:componentRef>
        </xilinx:subCoreRef>
      </spirit:vendorExtensions>
    </spirit:fileSet>
    <spirit:fileSet>
      <spirit:name>xilinx_anylanguagebehavioralsimulation_view_fileset</spirit:name>
      <spirit:file>
        <spirit:name>lab6/lab6.srcs/sources_1/ip/fir_compiler_1/filter2.coe</spirit:name>
        <spirit:userFileType>coe</spirit:userFileType>
      </spirit:file>
      <spirit:file>
        <spirit:name>lab6/lab6.srcs/sources_1/ip/fir_compiler_0/filter1.coe</spirit:name>
        <spirit:userFileType>coe</spirit:userFileType>
      </spirit:file>
      <spirit:file>
        <spirit:name>lab6/lab6.srcs/sources_1/ip/fir_compiler_1/fir_compiler_1.xci</spirit:name>
        <spirit:userFileType>xci</spirit:userFileType>
        <spirit:userFileType>CELL_NAME_fir2_real</spirit:userFileType>
      </spirit:file>
      <spirit:file>
        <spirit:name>lab6/lab6.srcs/sources_1/ip/fir_compiler_0/fir_compiler_0.xci</spirit:name>
        <spirit:userFileType>xci</spirit:userFileType>
        <spirit:userFileType>CELL_NAME_fir1_real</spirit:userFileType>
      </spirit:file>
      <spirit:file>
        <spirit:name>lab6/lab6.srcs/sources_1/bd/design_1/ip/design_1_dds_compiler_0_1/design_1_dds_compiler_0_1.xci</spirit:name>
        <spirit:userFileType>xci</spirit:userFileType>
        <spirit:userFileType>CELL_NAME_dds_compiler_1</spirit:userFileType>
      </spirit:file>
      <spirit:file>
        <spirit:name>lab6/lab6.srcs/sources_1/bd/design_1/ip/design_1_dds_compiler_0_0/design_1_dds_compiler_0_0.xci</spirit:name>
        <spirit:userFileType>xci</spirit:userFileType>
        <spirit:userFileType>CELL_NAME_dds_compiler_0</spirit:userFileType>
      </spirit:file>
      <spirit:file>
        <spirit:name>lab6/lab6.srcs/sources_1/new/toplevel.vhd</spirit:name>
        <spirit:fileType>vhdlSource</spirit:fileType>
      </spirit:file>
    </spirit:fileSet>
    <spirit:fileSet>
      <spirit:name>xilinx_anylanguagebehavioralsimulation_xilinx_com_ip_fir_compiler_7_2__ref_view_fileset</spirit:name>
      <spirit:vendorExtensions>
        <xilinx:subCoreRef>
          <xilinx:componentRef xilinx:vendor="xilinx.com" xilinx:library="ip" xilinx:name="fir_compiler" xilinx:version="7.2">
            <xilinx:mode xilinx:name="create_mode"/>
          </xilinx:componentRef>
        </xilinx:subCoreRef>
      </spirit:vendorExtensions>
    </spirit:fileSet>
    <spirit:fileSet>
      <spirit:name>xilinx_anylanguagebehavioralsimulation_xilinx_com_ip_dds_compiler_6_0__ref_view_fileset</spirit:name>
      <spirit:vendorExtensions>
        <xilinx:subCoreRef>
          <xilinx:componentRef xilinx:vendor="xilinx.com" xilinx:library="ip" xilinx:name="dds_compiler" xilinx:version="6.0">
            <xilinx:mode xilinx:name="create_mode"/>
          </xilinx:componentRef>
        </xilinx:subCoreRef>
      </spirit:vendorExtensions>
    </spirit:fileSet>
    <spirit:fileSet>
      <spirit:name>xilinx_xpgui_view_fileset</spirit:name>
      <spirit:file>
        <spirit:name>xgui/toplevel_v1_0.tcl</spirit:name>
        <spirit:fileType>tclSource</spirit:fileType>
        <spirit:userFileType>CHECKSUM_f64a5dae</spirit:userFileType>
        <spirit:userFileType>XGUI_VERSION_2</spirit:userFileType>
        <spirit:isIncludeFile>true</spirit:isIncludeFile>
      </spirit:file>
    </spirit:fileSet>
    <spirit:fileSet>
      <spirit:name>xilinx_testbench_view_fileset</spirit:name>
      <spirit:file>
        <spirit:name>lab6/tb_toplevel.vhd</spirit:name>
        <spirit:fileType>vhdlSource</spirit:fileType>
        <spirit:userFileType>USED_IN_simulation</spirit:userFileType>
        <spirit:userFileType>USED_IN_testbench</spirit:userFileType>
      </spirit:file>
    </spirit:fileSet>
  </spirit:fileSets>
  <spirit:description>toplevel_v1_0</spirit:description>
  <spirit:parameters>
    <spirit:parameter>
      <spirit:name>Component_Name</spirit:name>
      <spirit:value spirit:resolve="user" spirit:id="PARAM_VALUE.Component_Name" spirit:order="1">toplevel_v1_0</spirit:value>
    </spirit:parameter>
  </spirit:parameters>
  <spirit:vendorExtensions>
    <xilinx:coreExtensions>
      <xilinx:supportedFamilies>
        <xilinx:family xilinx:lifeCycle="Production">zynq</xilinx:family>
      </xilinx:supportedFamilies>
      <xilinx:taxonomies>
        <xilinx:taxonomy>/UserIP</xilinx:taxonomy>
      </xilinx:taxonomies>
      <xilinx:displayName>toplevel_v1_0</xilinx:displayName>
      <xilinx:definitionSource>package_project</xilinx:definitionSource>
      <xilinx:coreRevision>22</xilinx:coreRevision>
      <xilinx:coreCreationDateTime>2022-04-13T05:39:14Z</xilinx:coreCreationDateTime>
      <xilinx:tags>
        <xilinx:tag xilinx:name="ui.data.coregen.df@6dafb804_ARCHIVE_LOCATION">c:/users/palogh1/documents/administrative/school/systemonchip/lab6</xilinx:tag>
        <xilinx:tag xilinx:name="ui.data.coregen.df@1770773d_ARCHIVE_LOCATION">c:/users/palogh1/documents/administrative/school/systemonchip/lab6</xilinx:tag>
        <xilinx:tag xilinx:name="ui.data.coregen.df@7a17c2ba_ARCHIVE_LOCATION">c:/users/palogh1/documents/administrative/school/systemonchip/lab6</xilinx:tag>
        <xilinx:tag xilinx:name="ui.data.coregen.df@16224fdd_ARCHIVE_LOCATION">c:/users/palogh1/documents/administrative/school/systemonchip/lab6</xilinx:tag>
        <xilinx:tag xilinx:name="ui.data.coregen.df@7103901f_ARCHIVE_LOCATION">c:/users/palogh1/documents/administrative/school/systemonchip/lab6</xilinx:tag>
        <xilinx:tag xilinx:name="ui.data.coregen.df@44668ec6_ARCHIVE_LOCATION">c:/users/palogh1/documents/administrative/school/systemonchip/lab6</xilinx:tag>
        <xilinx:tag xilinx:name="ui.data.coregen.df@785a9b1_ARCHIVE_LOCATION">c:/users/palogh1/documents/administrative/school/systemonchip/lab6</xilinx:tag>
        <xilinx:tag xilinx:name="ui.data.coregen.df@77cb56a8_ARCHIVE_LOCATION">c:/users/palogh1/documents/administrative/school/systemonchip/lab6</xilinx:tag>
        <xilinx:tag xilinx:name="ui.data.coregen.df@4ef0c249_ARCHIVE_LOCATION">c:/users/palogh1/documents/administrative/school/systemonchip/lab6</xilinx:tag>
        <xilinx:tag xilinx:name="ui.data.coregen.df@3ec65c96_ARCHIVE_LOCATION">c:/users/palogh1/documents/administrative/school/systemonchip/lab6</xilinx:tag>
        <xilinx:tag xilinx:name="ui.data.coregen.df@3ff66da1_ARCHIVE_LOCATION">c:/users/palogh1/documents/administrative/school/systemonchip/lab6</xilinx:tag>
        <xilinx:tag xilinx:name="ui.data.coregen.df@753b2676_ARCHIVE_LOCATION">c:/users/palogh1/documents/administrative/school/systemonchip/lab6</xilinx:tag>
        <xilinx:tag xilinx:name="ui.data.coregen.df@78b4475e_ARCHIVE_LOCATION">c:/users/palogh1/documents/administrative/school/systemonchip/lab6</xilinx:tag>
        <xilinx:tag xilinx:name="ui.data.coregen.df@38f15d8f_ARCHIVE_LOCATION">c:/users/palogh1/documents/administrative/school/systemonchip/lab6</xilinx:tag>
        <xilinx:tag xilinx:name="ui.data.coregen.df@545f6454_ARCHIVE_LOCATION">c:/users/palogh1/documents/administrative/school/systemonchip/lab6</xilinx:tag>
        <xilinx:tag xilinx:name="ui.data.coregen.df@589dc9a_ARCHIVE_LOCATION">c:/users/palogh1/documents/administrative/school/systemonchip/lab6</xilinx:tag>
        <xilinx:tag xilinx:name="ui.data.coregen.df@5b8accfa_ARCHIVE_LOCATION">c:/users/palogh1/documents/administrative/school/systemonchip/lab6</xilinx:tag>
        <xilinx:tag xilinx:name="ui.data.coregen.df@5a180c64_ARCHIVE_LOCATION">c:/users/palogh1/documents/administrative/school/systemonchip/lab6</xilinx:tag>
        <xilinx:tag xilinx:name="ui.data.coregen.df@23f284c4_ARCHIVE_LOCATION">c:/users/palogh1/documents/administrative/school/systemonchip/lab6</xilinx:tag>
        <xilinx:tag xilinx:name="ui.data.coregen.df@299d04db_ARCHIVE_LOCATION">c:/users/palogh1/documents/administrative/school/systemonchip/lab6</xilinx:tag>
        <xilinx:tag xilinx:name="ui.data.coregen.df@624b2f13_ARCHIVE_LOCATION">c:/users/palogh1/documents/administrative/school/systemonchip/lab6</xilinx:tag>
        <xilinx:tag xilinx:name="ui.data.coregen.df@1dcc8662_ARCHIVE_LOCATION">c:/users/palogh1/documents/administrative/school/systemonchip/lab6</xilinx:tag>
        <xilinx:tag xilinx:name="ui.data.coregen.df@7ba4e74a_ARCHIVE_LOCATION">c:/users/palogh1/documents/administrative/school/systemonchip/lab6</xilinx:tag>
        <xilinx:tag xilinx:name="ui.data.coregen.df@626824d_ARCHIVE_LOCATION">c:/users/palogh1/documents/administrative/school/systemonchip/lab6</xilinx:tag>
        <xilinx:tag xilinx:name="ui.data.coregen.df@495d6f61_ARCHIVE_LOCATION">c:/users/palogh1/documents/administrative/school/systemonchip/lab6</xilinx:tag>
        <xilinx:tag xilinx:name="ui.data.coregen.df@7e654b6b_ARCHIVE_LOCATION">c:/users/palogh1/documents/administrative/school/systemonchip/lab6</xilinx:tag>
        <xilinx:tag xilinx:name="ui.data.coregen.df@27d0461b_ARCHIVE_LOCATION">c:/users/palogh1/documents/administrative/school/systemonchip/lab6</xilinx:tag>
        <xilinx:tag xilinx:name="ui.data.coregen.df@573f6a88_ARCHIVE_LOCATION">c:/users/palogh1/documents/administrative/school/systemonchip/lab6</xilinx:tag>
        <xilinx:tag xilinx:name="ui.data.coregen.df@5cfce4e0_ARCHIVE_LOCATION">c:/users/palogh1/documents/administrative/school/systemonchip/lab6</xilinx:tag>
        <xilinx:tag xilinx:name="ui.data.coregen.df@60d1a99a_ARCHIVE_LOCATION">c:/users/palogh1/documents/administrative/school/systemonchip/lab6</xilinx:tag>
        <xilinx:tag xilinx:name="ui.data.coregen.df@5c137aac_ARCHIVE_LOCATION">c:/users/palogh1/documents/administrative/school/systemonchip/lab6</xilinx:tag>
        <xilinx:tag xilinx:name="ui.data.coregen.df@1818e7c5_ARCHIVE_LOCATION">c:/users/palogh1/documents/administrative/school/systemonchip/lab6</xilinx:tag>
        <xilinx:tag xilinx:name="ui.data.coregen.df@738f560_ARCHIVE_LOCATION">c:/users/palogh1/documents/administrative/school/systemonchip/lab6</xilinx:tag>
        <xilinx:tag xilinx:name="ui.data.coregen.df@61779e19_ARCHIVE_LOCATION">c:/users/palogh1/documents/administrative/school/systemonchip/lab6</xilinx:tag>
        <xilinx:tag xilinx:name="ui.data.coregen.df@7af3823a_ARCHIVE_LOCATION">c:/users/palogh1/documents/administrative/school/systemonchip/lab6</xilinx:tag>
        <xilinx:tag xilinx:name="ui.data.coregen.df@4cd63eb4_ARCHIVE_LOCATION">c:/users/palogh1/documents/administrative/school/systemonchip/lab6</xilinx:tag>
        <xilinx:tag xilinx:name="ui.data.coregen.df@a48af91_ARCHIVE_LOCATION">c:/users/palogh1/documents/administrative/school/systemonchip/lab6</xilinx:tag>
        <xilinx:tag xilinx:name="ui.data.coregen.df@761bf079_ARCHIVE_LOCATION">c:/users/palogh1/documents/administrative/school/systemonchip/lab6</xilinx:tag>
        <xilinx:tag xilinx:name="ui.data.coregen.df@454a9764_ARCHIVE_LOCATION">c:/users/palogh1/documents/administrative/school/systemonchip/lab6</xilinx:tag>
        <xilinx:tag xilinx:name="ui.data.coregen.df@4be8d21b_ARCHIVE_LOCATION">c:/users/palogh1/documents/administrative/school/systemonchip/lab6</xilinx:tag>
        <xilinx:tag xilinx:name="ui.data.coregen.df@2b196f0d_ARCHIVE_LOCATION">c:/users/palogh1/documents/administrative/school/systemonchip/lab6</xilinx:tag>
        <xilinx:tag xilinx:name="ui.data.coregen.df@b628d01_ARCHIVE_LOCATION">c:/users/palogh1/documents/administrative/school/systemonchip/lab6</xilinx:tag>
        <xilinx:tag xilinx:name="ui.data.coregen.df@762328fa_ARCHIVE_LOCATION">c:/users/palogh1/documents/administrative/school/systemonchip/lab6</xilinx:tag>
        <xilinx:tag xilinx:name="ui.data.coregen.df@47110eb7_ARCHIVE_LOCATION">c:/users/palogh1/documents/administrative/school/systemonchip/lab6</xilinx:tag>
        <xilinx:tag xilinx:name="ui.data.coregen.df@7d73be12_ARCHIVE_LOCATION">c:/users/palogh1/documents/administrative/school/systemonchip/lab6</xilinx:tag>
        <xilinx:tag xilinx:name="ui.data.coregen.df@5bd40f60_ARCHIVE_LOCATION">c:/users/palogh1/documents/administrative/school/systemonchip/lab6</xilinx:tag>
        <xilinx:tag xilinx:name="ui.data.coregen.df@18e90c6e_ARCHIVE_LOCATION">c:/users/palogh1/documents/administrative/school/systemonchip/lab6</xilinx:tag>
        <xilinx:tag xilinx:name="ui.data.coregen.df@485acd94_ARCHIVE_LOCATION">c:/users/palogh1/documents/administrative/school/systemonchip/lab6</xilinx:tag>
        <xilinx:tag xilinx:name="ui.data.coregen.df@5000e2bc_ARCHIVE_LOCATION">c:/users/palogh1/documents/administrative/school/systemonchip/lab6</xilinx:tag>
        <xilinx:tag xilinx:name="ui.data.coregen.df@13e03f2c_ARCHIVE_LOCATION">c:/users/palogh1/documents/administrative/school/systemonchip/lab6</xilinx:tag>
        <xilinx:tag xilinx:name="ui.data.coregen.df@23399728_ARCHIVE_LOCATION">c:/users/palogh1/documents/administrative/school/systemonchip/lab6</xilinx:tag>
        <xilinx:tag xilinx:name="ui.data.coregen.df@590d5962_ARCHIVE_LOCATION">c:/users/palogh1/documents/administrative/school/systemonchip/lab6</xilinx:tag>
        <xilinx:tag xilinx:name="ui.data.coregen.df@6fc36462_ARCHIVE_LOCATION">c:/users/palogh1/documents/administrative/school/systemonchip/lab6</xilinx:tag>
        <xilinx:tag xilinx:name="ui.data.coregen.df@31fca67c_ARCHIVE_LOCATION">c:/users/palogh1/documents/administrative/school/systemonchip/lab6</xilinx:tag>
        <xilinx:tag xilinx:name="ui.data.coregen.df@25d85c8d_ARCHIVE_LOCATION">c:/users/palogh1/documents/administrative/school/systemonchip/lab6</xilinx:tag>
        <xilinx:tag xilinx:name="ui.data.coregen.df@4d1f8697_ARCHIVE_LOCATION">c:/users/palogh1/documents/administrative/school/systemonchip/lab6</xilinx:tag>
        <xilinx:tag xilinx:name="ui.data.coregen.df@20fbb8d9_ARCHIVE_LOCATION">c:/users/palogh1/documents/administrative/school/systemonchip/lab6</xilinx:tag>
        <xilinx:tag xilinx:name="ui.data.coregen.df@737f51bc_ARCHIVE_LOCATION">c:/users/palogh1/documents/administrative/school/systemonchip/lab6</xilinx:tag>
        <xilinx:tag xilinx:name="ui.data.coregen.df@260cbf59_ARCHIVE_LOCATION">c:/users/palogh1/documents/administrative/school/systemonchip/lab6</xilinx:tag>
        <xilinx:tag xilinx:name="ui.data.coregen.df@770eded1_ARCHIVE_LOCATION">c:/users/palogh1/documents/administrative/school/systemonchip/lab6</xilinx:tag>
        <xilinx:tag xilinx:name="ui.data.coregen.df@296c6d5d_ARCHIVE_LOCATION">c:/users/palogh1/documents/administrative/school/systemonchip/lab6</xilinx:tag>
        <xilinx:tag xilinx:name="ui.data.coregen.df@6ca868ac_ARCHIVE_LOCATION">c:/users/palogh1/documents/administrative/school/systemonchip/lab6</xilinx:tag>
        <xilinx:tag xilinx:name="ui.data.coregen.df@3881b14_ARCHIVE_LOCATION">c:/users/palogh1/documents/administrative/school/systemonchip/lab6</xilinx:tag>
        <xilinx:tag xilinx:name="ui.data.coregen.df@60141b04_ARCHIVE_LOCATION">c:/users/palogh1/documents/administrative/school/systemonchip/lab6</xilinx:tag>
        <xilinx:tag xilinx:name="ui.data.coregen.df@44199514_ARCHIVE_LOCATION">c:/users/palogh1/documents/administrative/school/systemonchip/lab6</xilinx:tag>
        <xilinx:tag xilinx:name="ui.data.coregen.df@4a75b52_ARCHIVE_LOCATION">c:/users/palogh1/documents/administrative/school/systemonchip/lab6</xilinx:tag>
        <xilinx:tag xilinx:name="ui.data.coregen.df@27cf39d5_ARCHIVE_LOCATION">c:/users/palogh1/documents/administrative/school/systemonchip/lab6</xilinx:tag>
        <xilinx:tag xilinx:name="ui.data.coregen.df@657b94a_ARCHIVE_LOCATION">c:/users/palogh1/documents/administrative/school/systemonchip/lab6</xilinx:tag>
        <xilinx:tag xilinx:name="ui.data.coregen.df@35b70b04_ARCHIVE_LOCATION">c:/users/palogh1/documents/administrative/school/systemonchip/lab6</xilinx:tag>
        <xilinx:tag xilinx:name="ui.data.coregen.df@5e53bc24_ARCHIVE_LOCATION">c:/users/palogh1/documents/administrative/school/systemonchip/lab6</xilinx:tag>
        <xilinx:tag xilinx:name="ui.data.coregen.df@7d96d897_ARCHIVE_LOCATION">c:/users/palogh1/documents/administrative/school/systemonchip/lab6</xilinx:tag>
        <xilinx:tag xilinx:name="ui.data.coregen.df@375520b3_ARCHIVE_LOCATION">c:/users/palogh1/documents/administrative/school/systemonchip/lab6</xilinx:tag>
        <xilinx:tag xilinx:name="ui.data.coregen.df@49105548_ARCHIVE_LOCATION">c:/users/palogh1/documents/administrative/school/systemonchip/lab6</xilinx:tag>
        <xilinx:tag xilinx:name="ui.data.coregen.df@49693d15_ARCHIVE_LOCATION">c:/users/palogh1/documents/administrative/school/systemonchip/lab6</xilinx:tag>
        <xilinx:tag xilinx:name="ui.data.coregen.df@14c02a49_ARCHIVE_LOCATION">c:/users/palogh1/documents/administrative/school/systemonchip/lab6</xilinx:tag>
        <xilinx:tag xilinx:name="ui.data.coregen.df@35753871_ARCHIVE_LOCATION">c:/users/palogh1/documents/administrative/school/systemonchip/lab6</xilinx:tag>
        <xilinx:tag xilinx:name="ui.data.coregen.df@a5e799c_ARCHIVE_LOCATION">c:/users/palogh1/documents/administrative/school/systemonchip/lab6</xilinx:tag>
        <xilinx:tag xilinx:name="ui.data.coregen.df@621ca11d_ARCHIVE_LOCATION">c:/users/palogh1/documents/administrative/school/systemonchip/lab6</xilinx:tag>
        <xilinx:tag xilinx:name="ui.data.coregen.df@7de13cf_ARCHIVE_LOCATION">c:/users/palogh1/documents/administrative/school/systemonchip/lab6</xilinx:tag>
        <xilinx:tag xilinx:name="ui.data.coregen.df@8c8de34_ARCHIVE_LOCATION">c:/users/palogh1/documents/administrative/school/systemonchip/lab6</xilinx:tag>
        <xilinx:tag xilinx:name="ui.data.coregen.df@8f318cc_ARCHIVE_LOCATION">c:/users/palogh1/documents/administrative/school/systemonchip/lab6</xilinx:tag>
        <xilinx:tag xilinx:name="ui.data.coregen.df@266adfb7_ARCHIVE_LOCATION">c:/users/palogh1/documents/administrative/school/systemonchip/lab6</xilinx:tag>
        <xilinx:tag xilinx:name="ui.data.coregen.df@560f17de_ARCHIVE_LOCATION">c:/users/palogh1/documents/administrative/school/systemonchip/lab6</xilinx:tag>
        <xilinx:tag xilinx:name="ui.data.coregen.df@4c2a8aeb_ARCHIVE_LOCATION">c:/users/palogh1/documents/administrative/school/systemonchip/lab6</xilinx:tag>
        <xilinx:tag xilinx:name="ui.data.coregen.df@6620203c_ARCHIVE_LOCATION">c:/users/palogh1/documents/administrative/school/systemonchip/lab6</xilinx:tag>
        <xilinx:tag xilinx:name="ui.data.coregen.df@3241f170_ARCHIVE_LOCATION">c:/users/palogh1/documents/administrative/school/systemonchip/lab6</xilinx:tag>
        <xilinx:tag xilinx:name="ui.data.coregen.df@498cbf9a_ARCHIVE_LOCATION">c:/users/palogh1/documents/administrative/school/systemonchip/lab6</xilinx:tag>
        <xilinx:tag xilinx:name="ui.data.coregen.df@666da2d8_ARCHIVE_LOCATION">c:/users/palogh1/documents/administrative/school/systemonchip/lab6</xilinx:tag>
        <xilinx:tag xilinx:name="ui.data.coregen.df@242bd900_ARCHIVE_LOCATION">c:/users/palogh1/documents/administrative/school/systemonchip/lab6</xilinx:tag>
        <xilinx:tag xilinx:name="ui.data.coregen.df@4e0eba2f_ARCHIVE_LOCATION">c:/users/palogh1/documents/administrative/school/systemonchip/lab6</xilinx:tag>
        <xilinx:tag xilinx:name="ui.data.coregen.df@7d56ea6e_ARCHIVE_LOCATION">c:/users/palogh1/documents/administrative/school/systemonchip/lab6</xilinx:tag>
        <xilinx:tag xilinx:name="ui.data.coregen.df@3afa92d2_ARCHIVE_LOCATION">c:/users/palogh1/documents/administrative/school/systemonchip/lab6</xilinx:tag>
        <xilinx:tag xilinx:name="ui.data.coregen.df@7d18b361_ARCHIVE_LOCATION">c:/users/palogh1/documents/administrative/school/systemonchip/lab6</xilinx:tag>
        <xilinx:tag xilinx:name="ui.data.coregen.df@44563bbf_ARCHIVE_LOCATION">c:/users/palogh1/documents/administrative/school/systemonchip/lab6</xilinx:tag>
        <xilinx:tag xilinx:name="ui.data.coregen.df@37402e96_ARCHIVE_LOCATION">c:/users/palogh1/documents/administrative/school/systemonchip/lab6</xilinx:tag>
        <xilinx:tag xilinx:name="ui.data.coregen.df@6bfcb40_ARCHIVE_LOCATION">c:/users/palogh1/documents/administrative/school/systemonchip/lab6</xilinx:tag>
        <xilinx:tag xilinx:name="ui.data.coregen.df@1327bf82_ARCHIVE_LOCATION">c:/users/palogh1/documents/administrative/school/systemonchip/lab6</xilinx:tag>
        <xilinx:tag xilinx:name="ui.data.coregen.df@568f725a_ARCHIVE_LOCATION">c:/users/palogh1/documents/administrative/school/systemonchip/lab6</xilinx:tag>
        <xilinx:tag xilinx:name="ui.data.coregen.df@42ecf9f1_ARCHIVE_LOCATION">c:/users/palogh1/documents/administrative/school/systemonchip/lab6</xilinx:tag>
        <xilinx:tag xilinx:name="ui.data.coregen.df@b3784be_ARCHIVE_LOCATION">c:/users/palogh1/documents/administrative/school/systemonchip/lab6</xilinx:tag>
        <xilinx:tag xilinx:name="ui.data.coregen.df@36846753_ARCHIVE_LOCATION">c:/users/palogh1/documents/administrative/school/systemonchip/lab6</xilinx:tag>
        <xilinx:tag xilinx:name="ui.data.coregen.df@799afee7_ARCHIVE_LOCATION">c:/users/palogh1/documents/administrative/school/systemonchip/lab6</xilinx:tag>
        <xilinx:tag xilinx:name="ui.data.coregen.df@5b661664_ARCHIVE_LOCATION">c:/users/palogh1/documents/administrative/school/systemonchip/lab6</xilinx:tag>
        <xilinx:tag xilinx:name="ui.data.coregen.df@276bc158_ARCHIVE_LOCATION">c:/users/palogh1/documents/administrative/school/systemonchip/lab6</xilinx:tag>
        <xilinx:tag xilinx:name="ui.data.coregen.df@763e0cf7_ARCHIVE_LOCATION">c:/users/palogh1/documents/administrative/school/systemonchip/lab6</xilinx:tag>
        <xilinx:tag xilinx:name="ui.data.coregen.df@495b6aed_ARCHIVE_LOCATION">c:/users/palogh1/documents/administrative/school/systemonchip/lab6</xilinx:tag>
        <xilinx:tag xilinx:name="ui.data.coregen.df@417ae8cc_ARCHIVE_LOCATION">c:/users/palogh1/documents/administrative/school/systemonchip/lab6</xilinx:tag>
        <xilinx:tag xilinx:name="ui.data.coregen.df@5bf4827c_ARCHIVE_LOCATION">c:/users/palogh1/documents/administrative/school/systemonchip/lab6</xilinx:tag>
        <xilinx:tag xilinx:name="ui.data.coregen.df@580d8e91_ARCHIVE_LOCATION">c:/users/palogh1/documents/administrative/school/systemonchip/lab6</xilinx:tag>
        <xilinx:tag xilinx:name="ui.data.coregen.df@7045edec_ARCHIVE_LOCATION">c:/users/palogh1/documents/administrative/school/systemonchip/lab6</xilinx:tag>
        <xilinx:tag xilinx:name="ui.data.coregen.df@6731e903_ARCHIVE_LOCATION">c:/users/palogh1/documents/administrative/school/systemonchip/lab6</xilinx:tag>
        <xilinx:tag xilinx:name="ui.data.coregen.df@71d1d405_ARCHIVE_LOCATION">c:/users/palogh1/documents/administrative/school/systemonchip/lab6</xilinx:tag>
        <xilinx:tag xilinx:name="ui.data.coregen.df@223033ff_ARCHIVE_LOCATION">c:/users/palogh1/documents/administrative/school/systemonchip/lab6</xilinx:tag>
        <xilinx:tag xilinx:name="ui.data.coregen.df@e9b4277_ARCHIVE_LOCATION">c:/users/palogh1/documents/administrative/school/systemonchip/lab6</xilinx:tag>
        <xilinx:tag xilinx:name="ui.data.coregen.df@2f0211a9_ARCHIVE_LOCATION">c:/users/palogh1/documents/administrative/school/systemonchip/lab6</xilinx:tag>
        <xilinx:tag xilinx:name="ui.data.coregen.df@743c33ca_ARCHIVE_LOCATION">c:/users/palogh1/documents/administrative/school/systemonchip/lab6</xilinx:tag>
        <xilinx:tag xilinx:name="ui.data.coregen.df@a037f9d_ARCHIVE_LOCATION">c:/users/palogh1/documents/administrative/school/systemonchip/lab6</xilinx:tag>
        <xilinx:tag xilinx:name="ui.data.coregen.df@162ef7db_ARCHIVE_LOCATION">c:/users/palogh1/documents/administrative/school/systemonchip/lab6</xilinx:tag>
        <xilinx:tag xilinx:name="ui.data.coregen.df@218b4d80_ARCHIVE_LOCATION">c:/users/palogh1/documents/administrative/school/systemonchip/lab6</xilinx:tag>
        <xilinx:tag xilinx:name="ui.data.coregen.df@3e1dce13_ARCHIVE_LOCATION">c:/users/palogh1/documents/administrative/school/systemonchip/lab6</xilinx:tag>
        <xilinx:tag xilinx:name="ui.data.coregen.df@2757d21d_ARCHIVE_LOCATION">c:/users/palogh1/documents/administrative/school/systemonchip/lab6</xilinx:tag>
        <xilinx:tag xilinx:name="ui.data.coregen.df@448f22c9_ARCHIVE_LOCATION">c:/users/palogh1/documents/administrative/school/systemonchip/lab6</xilinx:tag>
        <xilinx:tag xilinx:name="ui.data.coregen.df@5a6837f5_ARCHIVE_LOCATION">c:/users/palogh1/documents/administrative/school/systemonchip/lab6</xilinx:tag>
        <xilinx:tag xilinx:name="ui.data.coregen.df@2c05b764_ARCHIVE_LOCATION">c:/users/palogh1/documents/administrative/school/systemonchip/lab6</xilinx:tag>
        <xilinx:tag xilinx:name="ui.data.coregen.df@d901f4e_ARCHIVE_LOCATION">c:/users/palogh1/documents/administrative/school/systemonchip/lab6</xilinx:tag>
        <xilinx:tag xilinx:name="ui.data.coregen.df@176559ee_ARCHIVE_LOCATION">c:/users/palogh1/documents/administrative/school/systemonchip/lab6</xilinx:tag>
        <xilinx:tag xilinx:name="ui.data.coregen.df@36f30845_ARCHIVE_LOCATION">c:/users/palogh1/documents/administrative/school/systemonchip/lab6</xilinx:tag>
        <xilinx:tag xilinx:name="ui.data.coregen.df@146a235d_ARCHIVE_LOCATION">c:/users/palogh1/documents/administrative/school/systemonchip/lab6</xilinx:tag>
        <xilinx:tag xilinx:name="ui.data.coregen.df@38f7ae13_ARCHIVE_LOCATION">c:/users/palogh1/documents/administrative/school/systemonchip/lab6</xilinx:tag>
        <xilinx:tag xilinx:name="ui.data.coregen.df@1ded58dd_ARCHIVE_LOCATION">c:/users/palogh1/documents/administrative/school/systemonchip/lab6</xilinx:tag>
        <xilinx:tag xilinx:name="ui.data.coregen.df@9a1b1d6_ARCHIVE_LOCATION">c:/users/palogh1/documents/administrative/school/systemonchip/lab6</xilinx:tag>
        <xilinx:tag xilinx:name="ui.data.coregen.df@15e2439b_ARCHIVE_LOCATION">c:/users/palogh1/documents/administrative/school/systemonchip/lab6</xilinx:tag>
        <xilinx:tag xilinx:name="ui.data.coregen.df@771a89f5_ARCHIVE_LOCATION">c:/users/palogh1/documents/administrative/school/systemonchip/lab6</xilinx:tag>
        <xilinx:tag xilinx:name="ui.data.coregen.df@37a71af5_ARCHIVE_LOCATION">c:/users/palogh1/documents/administrative/school/systemonchip/lab6</xilinx:tag>
        <xilinx:tag xilinx:name="ui.data.coregen.df@297aa76c_ARCHIVE_LOCATION">c:/users/palogh1/documents/administrative/school/systemonchip/lab6</xilinx:tag>
        <xilinx:tag xilinx:name="ui.data.coregen.df@1821f78c_ARCHIVE_LOCATION">c:/users/palogh1/documents/administrative/school/systemonchip/lab6</xilinx:tag>
        <xilinx:tag xilinx:name="ui.data.coregen.df@3fdd1303_ARCHIVE_LOCATION">c:/users/palogh1/documents/administrative/school/systemonchip/lab6</xilinx:tag>
        <xilinx:tag xilinx:name="ui.data.coregen.df@e38fc55_ARCHIVE_LOCATION">c:/users/palogh1/documents/administrative/school/systemonchip/lab6</xilinx:tag>
        <xilinx:tag xilinx:name="ui.data.coregen.df@713b90dc_ARCHIVE_LOCATION">c:/users/palogh1/documents/administrative/school/systemonchip/lab6</xilinx:tag>
        <xilinx:tag xilinx:name="ui.data.coregen.df@367e2006_ARCHIVE_LOCATION">c:/users/palogh1/documents/administrative/school/systemonchip/lab6</xilinx:tag>
        <xilinx:tag xilinx:name="ui.data.coregen.df@5c926ba6_ARCHIVE_LOCATION">c:/users/palogh1/documents/administrative/school/systemonchip/lab6</xilinx:tag>
        <xilinx:tag xilinx:name="ui.data.coregen.df@4429eeb1_ARCHIVE_LOCATION">c:/users/palogh1/documents/administrative/school/systemonchip/lab6</xilinx:tag>
        <xilinx:tag xilinx:name="ui.data.coregen.df@7f364aa_ARCHIVE_LOCATION">c:/users/palogh1/documents/administrative/school/systemonchip/lab6</xilinx:tag>
        <xilinx:tag xilinx:name="ui.data.coregen.df@ec06510_ARCHIVE_LOCATION">c:/users/palogh1/documents/administrative/school/systemonchip/lab6</xilinx:tag>
        <xilinx:tag xilinx:name="ui.data.coregen.df@46819c46_ARCHIVE_LOCATION">c:/users/palogh1/documents/administrative/school/systemonchip/lab6</xilinx:tag>
        <xilinx:tag xilinx:name="ui.data.coregen.df@4f4e866d_ARCHIVE_LOCATION">c:/users/palogh1/documents/administrative/school/systemonchip/lab6</xilinx:tag>
        <xilinx:tag xilinx:name="ui.data.coregen.df@29b0721f_ARCHIVE_LOCATION">c:/users/palogh1/documents/administrative/school/systemonchip/lab6</xilinx:tag>
        <xilinx:tag xilinx:name="ui.data.coregen.df@359ecb36_ARCHIVE_LOCATION">c:/users/palogh1/documents/administrative/school/systemonchip/lab6</xilinx:tag>
        <xilinx:tag xilinx:name="ui.data.coregen.df@130b7451_ARCHIVE_LOCATION">c:/users/palogh1/documents/administrative/school/systemonchip/lab6</xilinx:tag>
        <xilinx:tag xilinx:name="ui.data.coregen.df@4804881d_ARCHIVE_LOCATION">c:/users/palogh1/documents/administrative/school/systemonchip/lab6</xilinx:tag>
        <xilinx:tag xilinx:name="ui.data.coregen.df@3879609e_ARCHIVE_LOCATION">c:/users/palogh1/documents/administrative/school/systemonchip/lab6</xilinx:tag>
        <xilinx:tag xilinx:name="ui.data.coregen.df@21285c3d_ARCHIVE_LOCATION">c:/users/palogh1/documents/administrative/school/systemonchip/lab6</xilinx:tag>
        <xilinx:tag xilinx:name="ui.data.coregen.df@6a5afd1_ARCHIVE_LOCATION">c:/users/palogh1/documents/administrative/school/systemonchip/lab6</xilinx:tag>
        <xilinx:tag xilinx:name="ui.data.coregen.df@4507f02e_ARCHIVE_LOCATION">c:/users/palogh1/documents/administrative/school/systemonchip/lab6</xilinx:tag>
        <xilinx:tag xilinx:name="ui.data.coregen.df@1466a642_ARCHIVE_LOCATION">c:/users/palogh1/documents/administrative/school/systemonchip/lab6</xilinx:tag>
        <xilinx:tag xilinx:name="ui.data.coregen.df@293f7b18_ARCHIVE_LOCATION">c:/users/palogh1/documents/administrative/school/systemonchip/lab6</xilinx:tag>
        <xilinx:tag xilinx:name="ui.data.coregen.df@792c8e44_ARCHIVE_LOCATION">c:/users/palogh1/documents/administrative/school/systemonchip/lab6</xilinx:tag>
        <xilinx:tag xilinx:name="ui.data.coregen.df@73dab3f7_ARCHIVE_LOCATION">c:/users/palogh1/documents/administrative/school/systemonchip/lab6</xilinx:tag>
        <xilinx:tag xilinx:name="ui.data.coregen.df@4c286d0e_ARCHIVE_LOCATION">c:/users/palogh1/documents/administrative/school/systemonchip/lab6</xilinx:tag>
        <xilinx:tag xilinx:name="ui.data.coregen.df@cd480fe_ARCHIVE_LOCATION">c:/users/palogh1/documents/administrative/school/systemonchip/lab6</xilinx:tag>
        <xilinx:tag xilinx:name="ui.data.coregen.df@1b2c131b_ARCHIVE_LOCATION">c:/users/palogh1/documents/administrative/school/systemonchip/lab6</xilinx:tag>
        <xilinx:tag xilinx:name="ui.data.coregen.df@3ba5d8f6_ARCHIVE_LOCATION">c:/users/palogh1/documents/administrative/school/systemonchip/lab6</xilinx:tag>
        <xilinx:tag xilinx:name="ui.data.coregen.df@466c9478_ARCHIVE_LOCATION">c:/users/palogh1/documents/administrative/school/systemonchip/lab6</xilinx:tag>
        <xilinx:tag xilinx:name="ui.data.coregen.df@45ee39_ARCHIVE_LOCATION">c:/users/palogh1/documents/administrative/school/systemonchip/lab6</xilinx:tag>
        <xilinx:tag xilinx:name="ui.data.coregen.df@170d8f28_ARCHIVE_LOCATION">c:/users/palogh1/documents/administrative/school/systemonchip/lab6</xilinx:tag>
        <xilinx:tag xilinx:name="ui.data.coregen.df@29828149_ARCHIVE_LOCATION">c:/users/palogh1/documents/administrative/school/systemonchip/lab6</xilinx:tag>
        <xilinx:tag xilinx:name="ui.data.coregen.df@4f702876_ARCHIVE_LOCATION">c:/users/palogh1/documents/administrative/school/systemonchip/lab6</xilinx:tag>
        <xilinx:tag xilinx:name="ui.data.coregen.df@7d7a756b_ARCHIVE_LOCATION">c:/Xilinx/Proj/radio_periph_lab-main/ip_repo/jhuapl.edu_user_toplevel_1.0</xilinx:tag>
        <xilinx:tag xilinx:name="ui.data.coregen.df@6e7717b5_ARCHIVE_LOCATION">c:/Xilinx/Proj/radio_periph_lab-main/ip_repo/jhuapl.edu_user_toplevel_1.0</xilinx:tag>
        <xilinx:tag xilinx:name="ui.data.coregen.df@7091ae46_ARCHIVE_LOCATION">c:/Xilinx/Proj/radio_periph_lab-main/ip_repo/jhuapl.edu_user_toplevel_1.0</xilinx:tag>
        <xilinx:tag xilinx:name="ui.data.coregen.df@47d323ce_ARCHIVE_LOCATION">c:/Xilinx/Proj/radio_periph_lab-main/ip_repo/jhuapl.edu_user_toplevel_1.0</xilinx:tag>
        <xilinx:tag xilinx:name="ui.data.coregen.df@28a047b3_ARCHIVE_LOCATION">c:/Xilinx/Proj/radio_periph_lab-main/ip_repo/jhuapl.edu_user_toplevel_1.0</xilinx:tag>
        <xilinx:tag xilinx:name="ui.data.coregen.df@7a666b7c_ARCHIVE_LOCATION">c:/Xilinx/Proj/radio_periph_lab-main/ip_repo/jhuapl.edu_user_toplevel_1.0</xilinx:tag>
        <xilinx:tag xilinx:name="ui.data.coregen.df@b6a9a43_ARCHIVE_LOCATION">c:/Xilinx/Proj/radio_periph_lab-main/ip_repo/jhuapl.edu_user_toplevel_1.0</xilinx:tag>
        <xilinx:tag xilinx:name="ui.data.coregen.df@79ae2dd8_ARCHIVE_LOCATION">c:/Xilinx/Proj/radio_periph_lab-main/ip_repo/jhuapl.edu_user_toplevel_1.0</xilinx:tag>
        <xilinx:tag xilinx:name="ui.data.coregen.df@4bb35906_ARCHIVE_LOCATION">c:/Xilinx/Proj/radio_periph_lab-main/ip_repo/jhuapl.edu_user_toplevel_1.0</xilinx:tag>
        <xilinx:tag xilinx:name="ui.data.coregen.df@3ca604f2_ARCHIVE_LOCATION">c:/Xilinx/Proj/radio_periph_lab-main/ip_repo/jhuapl.edu_user_toplevel_1.0</xilinx:tag>
        <xilinx:tag xilinx:name="ui.data.coregen.df@1d99aad4_ARCHIVE_LOCATION">c:/Xilinx/Proj/radio_periph_lab-main/ip_repo/jhuapl.edu_user_toplevel_1.0</xilinx:tag>
        <xilinx:tag xilinx:name="ui.data.coregen.df@4e43cd73_ARCHIVE_LOCATION">c:/Xilinx/Proj/radio_periph_lab-main/ip_repo/jhuapl.edu_user_toplevel_1.0</xilinx:tag>
        <xilinx:tag xilinx:name="ui.data.coregen.df@6e0164c2_ARCHIVE_LOCATION">c:/Xilinx/Proj/radio_periph_lab-main/ip_repo/jhuapl.edu_user_toplevel_1.0</xilinx:tag>
        <xilinx:tag xilinx:name="ui.data.coregen.df@b3370cc_ARCHIVE_LOCATION">c:/Xilinx/Proj/radio_periph_lab-main/ip_repo/jhuapl.edu_user_toplevel_1.0</xilinx:tag>
        <xilinx:tag xilinx:name="ui.data.coregen.df@46d2484c_ARCHIVE_LOCATION">c:/Xilinx/Proj/radio_periph_lab-main/ip_repo/jhuapl.edu_user_toplevel_1.0</xilinx:tag>
        <xilinx:tag xilinx:name="ui.data.coregen.df@fcc4b81_ARCHIVE_LOCATION">c:/Xilinx/Proj/radio_periph_lab-main/ip_repo/jhuapl.edu_user_toplevel_1.0</xilinx:tag>
        <xilinx:tag xilinx:name="ui.data.coregen.df@508a462e_ARCHIVE_LOCATION">c:/Xilinx/Proj/radio_periph_lab-main/ip_repo/jhuapl.edu_user_toplevel_1.0</xilinx:tag>
        <xilinx:tag xilinx:name="ui.data.coregen.df@7b26990_ARCHIVE_LOCATION">c:/Xilinx/Proj/radio_periph_lab-main/ip_repo/jhuapl.edu_user_toplevel_1.0</xilinx:tag>
        <xilinx:tag xilinx:name="ui.data.coregen.df@4acdd810_ARCHIVE_LOCATION">c:/Xilinx/Proj/radio_periph_lab-main/ip_repo/jhuapl.edu_user_toplevel_1.0</xilinx:tag>
        <xilinx:tag xilinx:name="ui.data.coregen.df@5aa1f387_ARCHIVE_LOCATION">c:/Xilinx/Proj/radio_periph_lab-main/ip_repo/jhuapl.edu_user_toplevel_1.0</xilinx:tag>
        <xilinx:tag xilinx:name="ui.data.coregen.df@7f25814a_ARCHIVE_LOCATION">c:/Xilinx/Proj/radio_periph_lab-main/ip_repo/jhuapl.edu_user_toplevel_1.0</xilinx:tag>
        <xilinx:tag xilinx:name="ui.data.coregen.df@2b832be2_ARCHIVE_LOCATION">c:/Xilinx/Proj/radio_periph_lab-main/ip_repo/jhuapl.edu_user_toplevel_1.0</xilinx:tag>
        <xilinx:tag xilinx:name="ui.data.coregen.df@24025840_ARCHIVE_LOCATION">c:/Xilinx/Proj/radio_periph_lab-main/ip_repo/jhuapl.edu_user_toplevel_1.0</xilinx:tag>
        <xilinx:tag xilinx:name="ui.data.coregen.df@6b69405_ARCHIVE_LOCATION">c:/Xilinx/Proj/radio_periph_lab-main/ip_repo/jhuapl.edu_user_toplevel_1.0</xilinx:tag>
        <xilinx:tag xilinx:name="ui.data.coregen.df@22c7c6b7_ARCHIVE_LOCATION">c:/Xilinx/Proj/radio_periph_lab-main/ip_repo/jhuapl.edu_user_toplevel_1.0</xilinx:tag>
        <xilinx:tag xilinx:name="ui.data.coregen.df@1100a0b7_ARCHIVE_LOCATION">c:/Xilinx/Proj/radio_periph_lab-main/ip_repo/jhuapl.edu_user_toplevel_1.0</xilinx:tag>
        <xilinx:tag xilinx:name="ui.data.coregen.df@4592b0c5_ARCHIVE_LOCATION">c:/Xilinx/Proj/radio_periph_lab-main/ip_repo/jhuapl.edu_user_toplevel_1.0</xilinx:tag>
        <xilinx:tag xilinx:name="ui.data.coregen.df@4bfbd36d_ARCHIVE_LOCATION">c:/Xilinx/Proj/radio_periph_lab-main/ip_repo/jhuapl.edu_user_toplevel_1.0</xilinx:tag>
        <xilinx:tag xilinx:name="ui.data.coregen.df@23f61e7c_ARCHIVE_LOCATION">c:/Xilinx/Proj/radio_periph_lab-main/ip_repo/jhuapl.edu_user_toplevel_1.0</xilinx:tag>
        <xilinx:tag xilinx:name="ui.data.coregen.df@6f8cd345_ARCHIVE_LOCATION">c:/Xilinx/Proj/radio_periph_lab-main/ip_repo/jhuapl.edu_user_toplevel_1.0</xilinx:tag>
        <xilinx:tag xilinx:name="ui.data.coregen.df@26e67e83_ARCHIVE_LOCATION">c:/Xilinx/Proj/radio_periph_lab-main/ip_repo/jhuapl.edu_user_toplevel_1.0</xilinx:tag>
        <xilinx:tag xilinx:name="ui.data.coregen.df@58869942_ARCHIVE_LOCATION">c:/Xilinx/Proj/radio_periph_lab-main/ip_repo/jhuapl.edu_user_toplevel_1.0</xilinx:tag>
        <xilinx:tag xilinx:name="ui.data.coregen.df@ba1f83b_ARCHIVE_LOCATION">c:/Xilinx/Proj/radio_periph_lab-main/ip_repo/jhuapl.edu_user_toplevel_1.0</xilinx:tag>
        <xilinx:tag xilinx:name="ui.data.coregen.df@5c00ae0b_ARCHIVE_LOCATION">c:/Xilinx/Proj/radio_periph_lab-main/ip_repo/jhuapl.edu_user_toplevel_1.0</xilinx:tag>
        <xilinx:tag xilinx:name="ui.data.coregen.df@795da5fd_ARCHIVE_LOCATION">c:/Xilinx/Proj/radio_periph_lab-main/ip_repo/jhuapl.edu_user_toplevel_1.0</xilinx:tag>
        <xilinx:tag xilinx:name="ui.data.coregen.df@26c281d4_ARCHIVE_LOCATION">c:/Xilinx/Proj/radio_periph_lab-main/ip_repo/jhuapl.edu_user_toplevel_1.0</xilinx:tag>
        <xilinx:tag xilinx:name="ui.data.coregen.df@3b3bbfdc_ARCHIVE_LOCATION">c:/Xilinx/Proj/radio_periph_lab-main/ip_repo/jhuapl.edu_user_toplevel_1.0</xilinx:tag>
        <xilinx:tag xilinx:name="ui.data.coregen.df@13e03eb3_ARCHIVE_LOCATION">c:/Xilinx/Proj/radio_periph_lab-main/ip_repo/jhuapl.edu_user_toplevel_1.0</xilinx:tag>
        <xilinx:tag xilinx:name="ui.data.coregen.df@55ed2ec_ARCHIVE_LOCATION">c:/Xilinx/Proj/radio_periph_lab-main/ip_repo/jhuapl.edu_user_toplevel_1.0</xilinx:tag>
        <xilinx:tag xilinx:name="ui.data.coregen.df@2cda3062_ARCHIVE_LOCATION">c:/Xilinx/Proj/radio_periph_lab-main/ip_repo/jhuapl.edu_user_toplevel_1.0</xilinx:tag>
        <xilinx:tag xilinx:name="ui.data.coregen.df@214714e4_ARCHIVE_LOCATION">c:/Xilinx/Proj/radio_periph_lab-main/ip_repo/jhuapl.edu_user_toplevel_1.0</xilinx:tag>
        <xilinx:tag xilinx:name="ui.data.coregen.df@d17575f_ARCHIVE_LOCATION">c:/Xilinx/Proj/radio_periph_lab-main/ip_repo/jhuapl.edu_user_toplevel_1.0</xilinx:tag>
        <xilinx:tag xilinx:name="ui.data.coregen.df@6f26ca40_ARCHIVE_LOCATION">c:/Xilinx/Proj/radio_periph_lab-main/ip_repo/jhuapl.edu_user_toplevel_1.0</xilinx:tag>
        <xilinx:tag xilinx:name="ui.data.coregen.df@2f4cd806_ARCHIVE_LOCATION">c:/Xilinx/Proj/radio_periph_lab-main/ip_repo/jhuapl.edu_user_toplevel_1.0</xilinx:tag>
        <xilinx:tag xilinx:name="ui.data.coregen.df@5ddc5ff7_ARCHIVE_LOCATION">c:/Xilinx/Proj/radio_periph_lab-main/ip_repo/jhuapl.edu_user_toplevel_1.0</xilinx:tag>
        <xilinx:tag xilinx:name="ui.data.coregen.df@23375813_ARCHIVE_LOCATION">c:/Xilinx/Proj/radio_periph_lab-main/ip_repo/jhuapl.edu_user_toplevel_1.0</xilinx:tag>
        <xilinx:tag xilinx:name="ui.data.coregen.df@625543bc_ARCHIVE_LOCATION">c:/Xilinx/Proj/radio_periph_lab-main/ip_repo/jhuapl.edu_user_toplevel_1.0</xilinx:tag>
        <xilinx:tag xilinx:name="ui.data.coregen.df@660dc758_ARCHIVE_LOCATION">c:/Xilinx/Proj/radio_periph_lab-main/ip_repo/jhuapl.edu_user_toplevel_1.0</xilinx:tag>
        <xilinx:tag xilinx:name="ui.data.coregen.df@13c2ef26_ARCHIVE_LOCATION">c:/Xilinx/Proj/radio_periph_lab-main/ip_repo/jhuapl.edu_user_toplevel_1.0</xilinx:tag>
        <xilinx:tag xilinx:name="ui.data.coregen.df@47a0ebfa_ARCHIVE_LOCATION">c:/Xilinx/Proj/radio_periph_lab-main/ip_repo/jhuapl.edu_user_toplevel_1.0</xilinx:tag>
        <xilinx:tag xilinx:name="ui.data.coregen.df@572a10d8_ARCHIVE_LOCATION">c:/Xilinx/Proj/radio_periph_lab-main/ip_repo/jhuapl.edu_user_toplevel_1.0</xilinx:tag>
        <xilinx:tag xilinx:name="ui.data.coregen.df@6c8de705_ARCHIVE_LOCATION">c:/Xilinx/Proj/radio_periph_lab-main/ip_repo/jhuapl.edu_user_toplevel_1.0</xilinx:tag>
        <xilinx:tag xilinx:name="ui.data.coregen.df@4b1ff45d_ARCHIVE_LOCATION">c:/Xilinx/Proj/radio_periph_lab-main/ip_repo/jhuapl.edu_user_toplevel_1.0</xilinx:tag>
        <xilinx:tag xilinx:name="ui.data.coregen.df@2f809a58_ARCHIVE_LOCATION">c:/Xilinx/Proj/radio_periph_lab-main/ip_repo/jhuapl.edu_user_toplevel_1.0</xilinx:tag>
        <xilinx:tag xilinx:name="ui.data.coregen.df@2d164aba_ARCHIVE_LOCATION">c:/Xilinx/Proj/radio_periph_lab-main/ip_repo/jhuapl.edu_user_toplevel_1.0</xilinx:tag>
        <xilinx:tag xilinx:name="ui.data.coregen.df@5aefd383_ARCHIVE_LOCATION">c:/Xilinx/Proj/radio_periph_lab-main/ip_repo/jhuapl.edu_user_toplevel_1.0</xilinx:tag>
        <xilinx:tag xilinx:name="ui.data.coregen.df@3ee7befb_ARCHIVE_LOCATION">c:/Xilinx/Proj/radio_periph_lab-main/ip_repo/jhuapl.edu_user_toplevel_1.0</xilinx:tag>
        <xilinx:tag xilinx:name="ui.data.coregen.df@19d67604_ARCHIVE_LOCATION">c:/Xilinx/Proj/radio_periph_lab-main/ip_repo/jhuapl.edu_user_toplevel_1.0</xilinx:tag>
        <xilinx:tag xilinx:name="ui.data.coregen.df@10907c26_ARCHIVE_LOCATION">c:/Xilinx/Proj/radio_periph_lab-main/ip_repo/jhuapl.edu_user_toplevel_1.0</xilinx:tag>
        <xilinx:tag xilinx:name="ui.data.coregen.df@56e5b004_ARCHIVE_LOCATION">c:/Xilinx/Proj/radio_periph_lab-main/ip_repo/jhuapl.edu_user_toplevel_1.0</xilinx:tag>
        <xilinx:tag xilinx:name="ui.data.coregen.df@70cab6a1_ARCHIVE_LOCATION">c:/Xilinx/Proj/radio_periph_lab-main/ip_repo/jhuapl.edu_user_toplevel_1.0</xilinx:tag>
        <xilinx:tag xilinx:name="ui.data.coregen.df@7de3bb47_ARCHIVE_LOCATION">c:/Xilinx/Proj/radio_periph_lab-main/ip_repo/jhuapl.edu_user_toplevel_1.0</xilinx:tag>
        <xilinx:tag xilinx:name="ui.data.coregen.df@154fbd2a_ARCHIVE_LOCATION">c:/Xilinx/Proj/radio_periph_lab-main/ip_repo/jhuapl.edu_user_toplevel_1.0</xilinx:tag>
        <xilinx:tag xilinx:name="ui.data.coregen.df@78ef2632_ARCHIVE_LOCATION">c:/Xilinx/Proj/radio_periph_lab-main/ip_repo/jhuapl.edu_user_toplevel_1.0</xilinx:tag>
        <xilinx:tag xilinx:name="ui.data.coregen.df@63f3a14_ARCHIVE_LOCATION">c:/Xilinx/Proj/radio_periph_lab-main/ip_repo/jhuapl.edu_user_toplevel_1.0</xilinx:tag>
        <xilinx:tag xilinx:name="ui.data.coregen.df@475ddd15_ARCHIVE_LOCATION">c:/Xilinx/Proj/radio_periph_lab-main/ip_repo/jhuapl.edu_user_toplevel_1.0</xilinx:tag>
        <xilinx:tag xilinx:name="ui.data.coregen.df@6d4553fd_ARCHIVE_LOCATION">c:/Xilinx/Proj/radio_periph_lab-main/ip_repo/jhuapl.edu_user_toplevel_1.0</xilinx:tag>
        <xilinx:tag xilinx:name="ui.data.coregen.df@1b78b1e6_ARCHIVE_LOCATION">c:/Xilinx/Proj/radio_periph_lab-main/ip_repo/jhuapl.edu_user_toplevel_1.0</xilinx:tag>
        <xilinx:tag xilinx:name="ui.data.coregen.df@6253f054_ARCHIVE_LOCATION">c:/Xilinx/Proj/radio_periph_lab-main/ip_repo/jhuapl.edu_user_toplevel_1.0</xilinx:tag>
        <xilinx:tag xilinx:name="ui.data.coregen.df@423d3475_ARCHIVE_LOCATION">c:/Xilinx/Proj/radio_periph_lab-main/ip_repo/jhuapl.edu_user_toplevel_1.0</xilinx:tag>
        <xilinx:tag xilinx:name="ui.data.coregen.df@6fe56326_ARCHIVE_LOCATION">c:/Xilinx/Proj/radio_periph_lab-main/ip_repo/jhuapl.edu_user_toplevel_1.0</xilinx:tag>
        <xilinx:tag xilinx:name="ui.data.coregen.df@6b28ccdd_ARCHIVE_LOCATION">c:/Xilinx/Proj/radio_periph_lab-main/ip_repo/jhuapl.edu_user_toplevel_1.0</xilinx:tag>
        <xilinx:tag xilinx:name="ui.data.coregen.df@258c2093_ARCHIVE_LOCATION">c:/Xilinx/Proj/radio_periph_lab-main/ip_repo/jhuapl.edu_user_toplevel_1.0</xilinx:tag>
        <xilinx:tag xilinx:name="ui.data.coregen.df@1c3870ab_ARCHIVE_LOCATION">c:/Xilinx/Proj/radio_periph_lab-main/ip_repo/jhuapl.edu_user_toplevel_1.0</xilinx:tag>
        <xilinx:tag xilinx:name="ui.data.coregen.df@54a6b8f7_ARCHIVE_LOCATION">c:/Xilinx/Proj/radio_periph_lab-main/ip_repo/jhuapl.edu_user_toplevel_1.0</xilinx:tag>
        <xilinx:tag xilinx:name="ui.data.coregen.df@5b823092_ARCHIVE_LOCATION">c:/Xilinx/Proj/radio_periph_lab-main/ip_repo/jhuapl.edu_user_toplevel_1.0</xilinx:tag>
        <xilinx:tag xilinx:name="ui.data.coregen.df@25e98566_ARCHIVE_LOCATION">c:/Xilinx/Proj/radio_periph_lab-main/ip_repo/jhuapl.edu_user_toplevel_1.0</xilinx:tag>
        <xilinx:tag xilinx:name="ui.data.coregen.df@4fd6616_ARCHIVE_LOCATION">c:/Xilinx/Proj/radio_periph_lab-main/ip_repo/jhuapl.edu_user_toplevel_1.0</xilinx:tag>
        <xilinx:tag xilinx:name="ui.data.coregen.df@65354f65_ARCHIVE_LOCATION">c:/Xilinx/Proj/radio_periph_lab-main/ip_repo/jhuapl.edu_user_toplevel_1.0</xilinx:tag>
        <xilinx:tag xilinx:name="ui.data.coregen.df@911fd4f_ARCHIVE_LOCATION">c:/Xilinx/Proj/radio_periph_lab-main/ip_repo/jhuapl.edu_user_toplevel_1.0</xilinx:tag>
        <xilinx:tag xilinx:name="ui.data.coregen.df@51a157c6_ARCHIVE_LOCATION">c:/Xilinx/Proj/radio_periph_lab-main/ip_repo/jhuapl.edu_user_toplevel_1.0</xilinx:tag>
        <xilinx:tag xilinx:name="ui.data.coregen.df@1791e60e_ARCHIVE_LOCATION">c:/Xilinx/Proj/radio_periph_lab-main/ip_repo/jhuapl.edu_user_toplevel_1.0</xilinx:tag>
        <xilinx:tag xilinx:name="ui.data.coregen.df@54aa2555_ARCHIVE_LOCATION">c:/Xilinx/Proj/radio_periph_lab-main/ip_repo/jhuapl.edu_user_toplevel_1.0</xilinx:tag>
        <xilinx:tag xilinx:name="ui.data.coregen.df@bb8226d_ARCHIVE_LOCATION">c:/Xilinx/Proj/radio_periph_lab-main/ip_repo/jhuapl.edu_user_toplevel_1.0</xilinx:tag>
        <xilinx:tag xilinx:name="ui.data.coregen.df@51df65a1_ARCHIVE_LOCATION">c:/Xilinx/Proj/radio_periph_lab-main/ip_repo/jhuapl.edu_user_toplevel_1.0</xilinx:tag>
        <xilinx:tag xilinx:name="ui.data.coregen.df@251ac742_ARCHIVE_LOCATION">c:/Xilinx/Proj/radio_periph_lab-main/ip_repo/jhuapl.edu_user_toplevel_1.0</xilinx:tag>
        <xilinx:tag xilinx:name="ui.data.coregen.df@beb2ea6_ARCHIVE_LOCATION">c:/Xilinx/Proj/radio_periph_lab-main/ip_repo/jhuapl.edu_user_toplevel_1.0</xilinx:tag>
        <xilinx:tag xilinx:name="ui.data.coregen.df@6b02c957_ARCHIVE_LOCATION">c:/Xilinx/Proj/radio_periph_lab-main/ip_repo/jhuapl.edu_user_toplevel_1.0</xilinx:tag>
        <xilinx:tag xilinx:name="ui.data.coregen.df@e85f38b_ARCHIVE_LOCATION">c:/Xilinx/Proj/radio_periph_lab-main/ip_repo/jhuapl.edu_user_toplevel_1.0</xilinx:tag>
        <xilinx:tag xilinx:name="ui.data.coregen.df@6b2a51c1_ARCHIVE_LOCATION">c:/Xilinx/Proj/radio_periph_lab-main/ip_repo/jhuapl.edu_user_toplevel_1.0</xilinx:tag>
        <xilinx:tag xilinx:name="ui.data.coregen.df@4a6d3577_ARCHIVE_LOCATION">c:/Xilinx/Proj/radio_periph_lab-main/ip_repo/jhuapl.edu_user_toplevel_1.0</xilinx:tag>
        <xilinx:tag xilinx:name="ui.data.coregen.df@7a1c8037_ARCHIVE_LOCATION">c:/Xilinx/Proj/radio_periph_lab-main/ip_repo/jhuapl.edu_user_toplevel_1.0</xilinx:tag>
        <xilinx:tag xilinx:name="ui.data.coregen.df@2f68f5d1_ARCHIVE_LOCATION">c:/Xilinx/Proj/radio_periph_lab-main/ip_repo/jhuapl.edu_user_toplevel_1.0</xilinx:tag>
        <xilinx:tag xilinx:name="ui.data.coregen.df@41cb4ee1_ARCHIVE_LOCATION">c:/Xilinx/Proj/radio_periph_lab-main/ip_repo/jhuapl.edu_user_toplevel_1.0</xilinx:tag>
        <xilinx:tag xilinx:name="ui.data.coregen.df@68b6b1e5_ARCHIVE_LOCATION">c:/Xilinx/Proj/radio_periph_lab-main/ip_repo/jhuapl.edu_user_toplevel_1.0</xilinx:tag>
        <xilinx:tag xilinx:name="ui.data.coregen.df@1acba83a_ARCHIVE_LOCATION">c:/Xilinx/Proj/radio_periph_lab-main/ip_repo/jhuapl.edu_user_toplevel_1.0</xilinx:tag>
        <xilinx:tag xilinx:name="ui.data.coregen.df@563f7e54_ARCHIVE_LOCATION">c:/Xilinx/Proj/radio_periph_lab-main/ip_repo/jhuapl.edu_user_toplevel_1.0</xilinx:tag>
        <xilinx:tag xilinx:name="ui.data.coregen.df@82de6e8_ARCHIVE_LOCATION">c:/Xilinx/Proj/radio_periph_lab-main/ip_repo/jhuapl.edu_user_toplevel_1.0</xilinx:tag>
        <xilinx:tag xilinx:name="ui.data.coregen.df@e5f0b16_ARCHIVE_LOCATION">c:/Xilinx/Proj/radio_periph_lab-main/ip_repo/jhuapl.edu_user_toplevel_1.0</xilinx:tag>
        <xilinx:tag xilinx:name="ui.data.coregen.df@3812064e_ARCHIVE_LOCATION">c:/Xilinx/Proj/radio_periph_lab-main/ip_repo/jhuapl.edu_user_toplevel_1.0</xilinx:tag>
        <xilinx:tag xilinx:name="ui.data.coregen.df@169e773f_ARCHIVE_LOCATION">c:/Xilinx/Proj/radio_periph_lab-main/ip_repo/jhuapl.edu_user_toplevel_1.0</xilinx:tag>
        <xilinx:tag xilinx:name="ui.data.coregen.df@36ca5ebf_ARCHIVE_LOCATION">c:/Xilinx/Proj/radio_periph_lab-main/ip_repo/jhuapl.edu_user_toplevel_1.0</xilinx:tag>
        <xilinx:tag xilinx:name="ui.data.coregen.df@40e05fd6_ARCHIVE_LOCATION">c:/Xilinx/Proj/radio_periph_lab-main/ip_repo/jhuapl.edu_user_toplevel_1.0</xilinx:tag>
        <xilinx:tag xilinx:name="ui.data.coregen.df@4f73d459_ARCHIVE_LOCATION">c:/Xilinx/Proj/radio_periph_lab-main/ip_repo/jhuapl.edu_user_toplevel_1.0</xilinx:tag>
        <xilinx:tag xilinx:name="ui.data.coregen.df@1128d882_ARCHIVE_LOCATION">c:/Xilinx/Proj/radio_periph_lab-main/ip_repo/jhuapl.edu_user_toplevel_1.0</xilinx:tag>
        <xilinx:tag xilinx:name="ui.data.coregen.df@23e6b743_ARCHIVE_LOCATION">c:/Xilinx/Proj/radio_periph_lab-main/ip_repo/jhuapl.edu_user_toplevel_1.0</xilinx:tag>
        <xilinx:tag xilinx:name="ui.data.coregen.df@6ea10fb9_ARCHIVE_LOCATION">c:/Xilinx/Proj/radio_periph_lab-main/ip_repo/jhuapl.edu_user_toplevel_1.0</xilinx:tag>
        <xilinx:tag xilinx:name="ui.data.coregen.df@6db04f14_ARCHIVE_LOCATION">c:/Xilinx/Proj/radio_periph_lab-main/ip_repo/jhuapl.edu_user_toplevel_1.0</xilinx:tag>
        <xilinx:tag xilinx:name="ui.data.coregen.df@4ee25467_ARCHIVE_LOCATION">c:/Xilinx/Proj/radio_periph_lab-main/ip_repo/jhuapl.edu_user_toplevel_1.0</xilinx:tag>
        <xilinx:tag xilinx:name="ui.data.coregen.df@7a0ec2f_ARCHIVE_LOCATION">c:/Xilinx/Proj/radio_periph_lab-main/ip_repo/jhuapl.edu_user_toplevel_1.0</xilinx:tag>
        <xilinx:tag xilinx:name="ui.data.coregen.df@6cf1315d_ARCHIVE_LOCATION">c:/Xilinx/Proj/radio_periph_lab-main/ip_repo/jhuapl.edu_user_toplevel_1.0</xilinx:tag>
        <xilinx:tag xilinx:name="ui.data.coregen.df@7e57f3bf_ARCHIVE_LOCATION">c:/Xilinx/Proj/radio_periph_lab-main/ip_repo/jhuapl.edu_user_toplevel_1.0</xilinx:tag>
        <xilinx:tag xilinx:name="ui.data.coregen.df@107be91e_ARCHIVE_LOCATION">c:/Xilinx/Proj/radio_periph_lab-main/ip_repo/jhuapl.edu_user_toplevel_1.0</xilinx:tag>
        <xilinx:tag xilinx:name="ui.data.coregen.df@5d097a13_ARCHIVE_LOCATION">c:/Xilinx/Proj/radio_periph_lab-main/ip_repo/jhuapl.edu_user_toplevel_1.0</xilinx:tag>
        <xilinx:tag xilinx:name="ui.data.coregen.df@d7ce56f_ARCHIVE_LOCATION">c:/Xilinx/Proj/radio_periph_lab-main/ip_repo/jhuapl.edu_user_toplevel_1.0</xilinx:tag>
        <xilinx:tag xilinx:name="ui.data.coregen.df@6a18e90f_ARCHIVE_LOCATION">c:/Xilinx/Proj/radio_periph_lab-main/ip_repo/jhuapl.edu_user_toplevel_1.0</xilinx:tag>
        <xilinx:tag xilinx:name="ui.data.coregen.df@13638b92_ARCHIVE_LOCATION">c:/Xilinx/Proj/radio_periph_lab-main/ip_repo/jhuapl.edu_user_toplevel_1.0</xilinx:tag>
        <xilinx:tag xilinx:name="ui.data.coregen.df@650f49c9_ARCHIVE_LOCATION">c:/Xilinx/Proj/radio_periph_lab-main/ip_repo/jhuapl.edu_user_toplevel_1.0</xilinx:tag>
        <xilinx:tag xilinx:name="ui.data.coregen.df@4aa9ebc7_ARCHIVE_LOCATION">c:/Xilinx/Proj/radio_periph_lab-main/ip_repo/jhuapl.edu_user_toplevel_1.0</xilinx:tag>
        <xilinx:tag xilinx:name="ui.data.coregen.df@6b55ae8_ARCHIVE_LOCATION">c:/Xilinx/Proj/radio_periph_lab-main/ip_repo/jhuapl.edu_user_toplevel_1.0</xilinx:tag>
        <xilinx:tag xilinx:name="ui.data.coregen.df@4ca9bb3c_ARCHIVE_LOCATION">c:/Xilinx/Proj/radio_periph_lab-main/ip_repo/jhuapl.edu_user_toplevel_1.0</xilinx:tag>
        <xilinx:tag xilinx:name="ui.data.coregen.df@18042d18_ARCHIVE_LOCATION">c:/Xilinx/Proj/radio_periph_lab-main/ip_repo/jhuapl.edu_user_toplevel_1.0</xilinx:tag>
        <xilinx:tag xilinx:name="ui.data.coregen.df@6be73cd6_ARCHIVE_LOCATION">c:/Xilinx/Proj/radio_periph_lab-main/ip_repo/jhuapl.edu_user_toplevel_1.0</xilinx:tag>
        <xilinx:tag xilinx:name="ui.data.coregen.df@68877f13_ARCHIVE_LOCATION">c:/Xilinx/Proj/radio_periph_lab-main/ip_repo/jhuapl.edu_user_toplevel_1.0</xilinx:tag>
        <xilinx:tag xilinx:name="ui.data.coregen.df@6961e78e_ARCHIVE_LOCATION">c:/Xilinx/Proj/radio_periph_lab-main/ip_repo/jhuapl.edu_user_toplevel_1.0</xilinx:tag>
        <xilinx:tag xilinx:name="ui.data.coregen.df@41e1b97b_ARCHIVE_LOCATION">c:/Xilinx/Proj/radio_periph_lab-main/ip_repo/jhuapl.edu_user_toplevel_1.0</xilinx:tag>
        <xilinx:tag xilinx:name="ui.data.coregen.df@27e0cde0_ARCHIVE_LOCATION">c:/Xilinx/Proj/radio_periph_lab-main/ip_repo/jhuapl.edu_user_toplevel_1.0</xilinx:tag>
        <xilinx:tag xilinx:name="ui.data.coregen.df@66783f76_ARCHIVE_LOCATION">c:/Xilinx/Proj/radio_periph_lab-main/ip_repo/jhuapl.edu_user_toplevel_1.0</xilinx:tag>
        <xilinx:tag xilinx:name="ui.data.coregen.df@1cb18fbf_ARCHIVE_LOCATION">c:/Xilinx/Proj/radio_periph_lab-main/ip_repo/jhuapl.edu_user_toplevel_1.0</xilinx:tag>
        <xilinx:tag xilinx:name="ui.data.coregen.df@2ea94dc_ARCHIVE_LOCATION">c:/Xilinx/Proj/radio_periph_lab-main/ip_repo/jhuapl.edu_user_toplevel_1.0</xilinx:tag>
        <xilinx:tag xilinx:name="ui.data.coregen.df@b719c4f_ARCHIVE_LOCATION">c:/Xilinx/Proj/radio_periph_lab-main/ip_repo/jhuapl.edu_user_toplevel_1.0</xilinx:tag>
        <xilinx:tag xilinx:name="ui.data.coregen.df@468a84a9_ARCHIVE_LOCATION">c:/Xilinx/Proj/radio_periph_lab-main/ip_repo/jhuapl.edu_user_toplevel_1.0</xilinx:tag>
        <xilinx:tag xilinx:name="ui.data.coregen.df@7eded403_ARCHIVE_LOCATION">c:/Xilinx/Proj/radio_periph_lab-main/ip_repo/jhuapl.edu_user_toplevel_1.0</xilinx:tag>
        <xilinx:tag xilinx:name="ui.data.coregen.df@58f68123_ARCHIVE_LOCATION">c:/Xilinx/Proj/radio_periph_lab-main/ip_repo/jhuapl.edu_user_toplevel_1.0</xilinx:tag>
        <xilinx:tag xilinx:name="ui.data.coregen.df@524588c7_ARCHIVE_LOCATION">c:/Xilinx/Proj/radio_periph_lab-main/ip_repo/jhuapl.edu_user_toplevel_1.0</xilinx:tag>
        <xilinx:tag xilinx:name="ui.data.coregen.df@2a102979_ARCHIVE_LOCATION">c:/Xilinx/Proj/radio_periph_lab-main/ip_repo/jhuapl.edu_user_toplevel_1.0</xilinx:tag>
        <xilinx:tag xilinx:name="ui.data.coregen.df@598ad767_ARCHIVE_LOCATION">c:/Xilinx/Proj/radio_periph_lab-main/ip_repo/jhuapl.edu_user_toplevel_1.0</xilinx:tag>
        <xilinx:tag xilinx:name="ui.data.coregen.df@5141196_ARCHIVE_LOCATION">c:/Xilinx/Proj/radio_periph_lab-main/ip_repo/jhuapl.edu_user_toplevel_1.0</xilinx:tag>
        <xilinx:tag xilinx:name="ui.data.coregen.df@1d3abe_ARCHIVE_LOCATION">c:/Xilinx/Proj/radio_periph_lab-main/ip_repo/jhuapl.edu_user_toplevel_1.0</xilinx:tag>
        <xilinx:tag xilinx:name="ui.data.coregen.df@28d25e28_ARCHIVE_LOCATION">c:/Xilinx/Proj/radio_periph_lab-main/ip_repo/jhuapl.edu_user_toplevel_1.0</xilinx:tag>
        <xilinx:tag xilinx:name="ui.data.coregen.df@387c356_ARCHIVE_LOCATION">c:/Xilinx/Proj/radio_periph_lab-main/ip_repo/jhuapl.edu_user_toplevel_1.0</xilinx:tag>
        <xilinx:tag xilinx:name="ui.data.coregen.df@484483d_ARCHIVE_LOCATION">c:/Xilinx/Proj/radio_periph_lab-main/ip_repo/jhuapl.edu_user_toplevel_1.0</xilinx:tag>
        <xilinx:tag xilinx:name="ui.data.coregen.df@1f5c9d35_ARCHIVE_LOCATION">c:/Xilinx/Proj/radio_periph_lab-main/ip_repo/jhuapl.edu_user_toplevel_1.0</xilinx:tag>
        <xilinx:tag xilinx:name="ui.data.coregen.df@130a7bdf_ARCHIVE_LOCATION">c:/Xilinx/Proj/radio_periph_lab-main/ip_repo/jhuapl.edu_user_toplevel_1.0</xilinx:tag>
        <xilinx:tag xilinx:name="ui.data.coregen.df@150ac9c_ARCHIVE_LOCATION">c:/Xilinx/Proj/radio_periph_lab-main/ip_repo/jhuapl.edu_user_toplevel_1.0</xilinx:tag>
        <xilinx:tag xilinx:name="ui.data.coregen.df@439c0f2b_ARCHIVE_LOCATION">c:/Xilinx/Proj/radio_periph_lab-main/ip_repo/jhuapl.edu_user_toplevel_1.0</xilinx:tag>
        <xilinx:tag xilinx:name="ui.data.coregen.df@45a4de6e_ARCHIVE_LOCATION">c:/Xilinx/Proj/radio_periph_lab-main/ip_repo/jhuapl.edu_user_toplevel_1.0</xilinx:tag>
        <xilinx:tag xilinx:name="ui.data.coregen.df@28a4480e_ARCHIVE_LOCATION">c:/Xilinx/Proj/radio_periph_lab-main/ip_repo/jhuapl.edu_user_toplevel_1.0</xilinx:tag>
        <xilinx:tag xilinx:name="ui.data.coregen.df@ac035c2_ARCHIVE_LOCATION">c:/Xilinx/Proj/radio_periph_lab-main/ip_repo/jhuapl.edu_user_toplevel_1.0</xilinx:tag>
        <xilinx:tag xilinx:name="ui.data.coregen.df@3697822a_ARCHIVE_LOCATION">c:/Xilinx/Proj/radio_periph_lab-main/ip_repo/jhuapl.edu_user_toplevel_1.0</xilinx:tag>
        <xilinx:tag xilinx:name="ui.data.coregen.df@3c0665ba_ARCHIVE_LOCATION">c:/Xilinx/Proj/radio_periph_lab-main/ip_repo/jhuapl.edu_user_toplevel_1.0</xilinx:tag>
        <xilinx:tag xilinx:name="ui.data.coregen.df@4b619570_ARCHIVE_LOCATION">c:/Xilinx/Proj/radio_periph_lab-main/ip_repo/jhuapl.edu_user_toplevel_1.0</xilinx:tag>
        <xilinx:tag xilinx:name="ui.data.coregen.df@72cbea6e_ARCHIVE_LOCATION">c:/Xilinx/Proj/radio_periph_lab-main/ip_repo/jhuapl.edu_user_toplevel_1.0</xilinx:tag>
        <xilinx:tag xilinx:name="ui.data.coregen.df@67de3b78_ARCHIVE_LOCATION">c:/Xilinx/Proj/radio_periph_lab-main/ip_repo/jhuapl.edu_user_toplevel_1.0</xilinx:tag>
        <xilinx:tag xilinx:name="ui.data.coregen.df@5325e55e_ARCHIVE_LOCATION">c:/Xilinx/Proj/radio_periph_lab-main/ip_repo/jhuapl.edu_user_toplevel_1.0</xilinx:tag>
        <xilinx:tag xilinx:name="ui.data.coregen.df@3482a480_ARCHIVE_LOCATION">c:/Xilinx/Proj/radio_periph_lab-main/ip_repo/jhuapl.edu_user_toplevel_1.0</xilinx:tag>
        <xilinx:tag xilinx:name="ui.data.coregen.df@4c2ee15f_ARCHIVE_LOCATION">c:/Xilinx/Proj/radio_periph_lab-main/ip_repo/jhuapl.edu_user_toplevel_1.0</xilinx:tag>
        <xilinx:tag xilinx:name="ui.data.coregen.df@26e88e62_ARCHIVE_LOCATION">c:/Xilinx/Proj/radio_periph_lab-main/ip_repo/jhuapl.edu_user_toplevel_1.0</xilinx:tag>
        <xilinx:tag xilinx:name="ui.data.coregen.df@7c4e6b42_ARCHIVE_LOCATION">c:/Xilinx/Proj/radio_periph_lab-main/ip_repo/jhuapl.edu_user_toplevel_1.0</xilinx:tag>
        <xilinx:tag xilinx:name="ui.data.coregen.df@ced6c99_ARCHIVE_LOCATION">c:/Xilinx/Proj/radio_periph_lab-main/ip_repo/jhuapl.edu_user_toplevel_1.0</xilinx:tag>
        <xilinx:tag xilinx:name="ui.data.coregen.df@b56f5f6_ARCHIVE_LOCATION">c:/Xilinx/Proj/radio_periph_lab-main/ip_repo/jhuapl.edu_user_toplevel_1.0</xilinx:tag>
        <xilinx:tag xilinx:name="ui.data.coregen.df@4e547928_ARCHIVE_LOCATION">c:/Xilinx/Proj/radio_periph_lab-main/ip_repo/jhuapl.edu_user_toplevel_1.0</xilinx:tag>
        <xilinx:tag xilinx:name="ui.data.coregen.df@2025b32d_ARCHIVE_LOCATION">c:/Xilinx/Proj/radio_periph_lab-main/ip_repo/jhuapl.edu_user_toplevel_1.0</xilinx:tag>
        <xilinx:tag xilinx:name="ui.data.coregen.df@6f4badb5_ARCHIVE_LOCATION">c:/Xilinx/Proj/radio_periph_lab-main/ip_repo/jhuapl.edu_user_toplevel_1.0</xilinx:tag>
        <xilinx:tag xilinx:name="ui.data.coregen.df@63f340f8_ARCHIVE_LOCATION">c:/Xilinx/Proj/radio_periph_lab-main/ip_repo/jhuapl.edu_user_toplevel_1.0</xilinx:tag>
        <xilinx:tag xilinx:name="ui.data.coregen.df@30923800_ARCHIVE_LOCATION">c:/Xilinx/Proj/radio_periph_lab-main/ip_repo/jhuapl.edu_user_toplevel_1.0</xilinx:tag>
        <xilinx:tag xilinx:name="ui.data.coregen.df@75f42018_ARCHIVE_LOCATION">c:/Xilinx/Proj/radio_periph_lab-main/ip_repo/jhuapl.edu_user_toplevel_1.0</xilinx:tag>
        <xilinx:tag xilinx:name="ui.data.coregen.df@78be0d3e_ARCHIVE_LOCATION">c:/Xilinx/Proj/radio_periph_lab-main/ip_repo/jhuapl.edu_user_toplevel_1.0</xilinx:tag>
        <xilinx:tag xilinx:name="ui.data.coregen.df@5b51bacc_ARCHIVE_LOCATION">c:/Xilinx/Proj/radio_periph_lab-main/ip_repo/jhuapl.edu_user_toplevel_1.0</xilinx:tag>
        <xilinx:tag xilinx:name="ui.data.coregen.df@73cdce8d_ARCHIVE_LOCATION">c:/Xilinx/Proj/radio_periph_lab-main/ip_repo/jhuapl.edu_user_toplevel_1.0</xilinx:tag>
        <xilinx:tag xilinx:name="ui.data.coregen.df@2c5798f2_ARCHIVE_LOCATION">c:/Xilinx/Proj/radio_periph_lab-main/ip_repo/jhuapl.edu_user_toplevel_1.0</xilinx:tag>
        <xilinx:tag xilinx:name="ui.data.coregen.df@6a608b2b_ARCHIVE_LOCATION">c:/Xilinx/Proj/radio_periph_lab-main/ip_repo/jhuapl.edu_user_toplevel_1.0</xilinx:tag>
      </xilinx:tags>
    </xilinx:coreExtensions>
    <xilinx:packagingInfo>
      <xilinx:xilinxVersion>2021.2</xilinx:xilinxVersion>
      <xilinx:checksum xilinx:scope="busInterfaces" xilinx:value="43778f78"/>
      <xilinx:checksum xilinx:scope="fileGroups" xilinx:value="cba035cd"/>
      <xilinx:checksum xilinx:scope="ports" xilinx:value="54722d1f"/>
      <xilinx:checksum xilinx:scope="parameters" xilinx:value="7198aa25"/>
    </xilinx:packagingInfo>
  </spirit:vendorExtensions>
</spirit:component>
